lot_id,wafer_id,product_type,technology_node,etch_tool,litho_tool,deposition_tool,implant_tool,pressure,temperature,exposure_time,focus_offset,dose,implant_energy,tilt_angle,yield,yield_true,yield_pred
LOT_0028,W006,FPGA,22nm,ETCH_02,LITHO_02,DEP_03,IMP_02,143.7373324,67.62163933,1.492190305,0.026875399,1000000000000000.0,49.97516969,6.785083588,0.38710812,0.38710812,0.34567
LOT_0045,W003,CPU,7nm,ETCH_05,LITHO_04,DEP_03,IMP_03,158.4928684,68.36668461,1.482351788,0.032874171,1010000000000000.0,48.93179617,7.159598222,0.520655729,0.520655729,0.6165935
LOT_0016,W020,FPGA,28nm,ETCH_03,LITHO_04,DEP_03,IMP_02,154.1661527,69.09829964,1.533377404,0.020429674,1010000000000000.0,49.82795864,7.082620025,0.268158301,0.268158301,0.32669938
LOT_0038,W006,GPU,10nm,ETCH_05,LITHO_04,DEP_01,IMP_02,153.6760917,68.08753757,1.546228893,0.034166438,994000000000000.0,49.5583099,6.136598399,0.539253997,0.539253997,0.534229
LOT_0020,W023,FPGA,7nm,ETCH_01,LITHO_03,DEP_03,IMP_02,152.6543221,69.53115496,1.48520141,0.02917142,1010000000000000.0,49.28233772,6.623547302,0.785581903,0.785581903,0.4872685
LOT_0019,W013,ASIC,22nm,ETCH_05,LITHO_04,DEP_03,IMP_02,152.5116145,68.35119393,1.479795234,0.037177657,997000000000000.0,50.69723805,6.421722391,0.438659659,0.438659659,0.30997077
LOT_0039,W001,GPU,14nm,ETCH_04,LITHO_02,DEP_01,IMP_02,151.1669036,66.34857694,1.534704837,0.026024155,997000000000000.0,50.50425724,7.357408344,0.362685902,0.362685902,0.27426296
LOT_0004,W007,GPU,14nm,ETCH_01,LITHO_01,DEP_02,IMP_01,146.9461995,65.44754022,1.569861321,0.022285066,993000000000000.0,50.60247721,6.744781974,0.354933895,0.354933895,0.40012527
LOT_0002,W019,FPGA,22nm,ETCH_02,LITHO_04,DEP_03,IMP_02,147.4739463,64.19275987,1.617868818,0.025689192,1010000000000000.0,50.58380038,7.541804827,0.362349348,0.362349348,0.257239
LOT_0006,W004,ASIC,28nm,ETCH_01,LITHO_04,DEP_01,IMP_03,149.4323516,67.443603,1.524134394,0.024100472,991000000000000.0,50.47363208,7.277756323,0.270093913,0.270093913,0.36572534
LOT_0047,W021,FPGA,7nm,ETCH_02,LITHO_04,DEP_01,IMP_03,145.101094,67.74145155,1.545415552,0.034811391,999000000000000.0,50.71547843,6.863837695,0.91651711,0.91651711,0.5425599
LOT_0030,W019,GPU,7nm,ETCH_03,LITHO_01,DEP_03,IMP_03,158.645953,65.64042503,1.550739253,0.025386102,1000000000000000.0,52.19278968,6.604137863,0.634440636,0.634440636,0.51146096
LOT_0021,W014,CPU,14nm,ETCH_04,LITHO_02,DEP_02,IMP_01,149.0657513,61.68019727,1.437853333,0.022442878,1000000000000000.0,49.79237474,6.187053986,0.396488006,0.396488006,0.3533183
LOT_0019,W012,ASIC,22nm,ETCH_05,LITHO_04,DEP_03,IMP_02,145.8426273,66.93670794,1.58755678,0.024112989,1000000000000000.0,51.13219819,7.581614878,0.357638913,0.357638913,0.30010796
LOT_0047,W018,FPGA,7nm,ETCH_02,LITHO_04,DEP_01,IMP_03,158.0459008,67.46616986,1.443450308,0.033080363,989000000000000.0,49.6143958,7.65638033,0.483982057,0.483982057,0.5617348
LOT_0050,W015,Memory,10nm,ETCH_03,LITHO_04,DEP_01,IMP_03,155.0814757,66.80519369,1.467027011,0.0353853,996000000000000.0,49.66339443,7.850947219,0.642177965,0.642177965,0.50509155
LOT_0043,W001,ASIC,14nm,ETCH_04,LITHO_04,DEP_01,IMP_01,151.2593803,71.34005275,1.47730582,0.030503134,1020000000000000.0,51.2604294,6.53907066,0.228284021,0.228284021,0.2963159
LOT_0038,W021,GPU,10nm,ETCH_05,LITHO_04,DEP_01,IMP_02,153.9908939,62.07147546,1.448191414,0.039391721,1010000000000000.0,49.93670474,5.962107617,0.585672299,0.585672299,0.68355054
LOT_0042,W019,CPU,10nm,ETCH_04,LITHO_01,DEP_02,IMP_02,157.6569256,68.02165641,1.552017481,0.035061717,999000000000000.0,48.22680909,6.670648647,0.456456501,0.456456501,0.58443654
LOT_0046,W015,GPU,7nm,ETCH_05,LITHO_01,DEP_01,IMP_01,149.7431958,65.26930806,1.47861799,0.031072596,1000000000000000.0,50.13211173,8.267836821,0.541616579,0.541616579,0.4928644
LOT_0009,W010,ASIC,14nm,ETCH_04,LITHO_03,DEP_01,IMP_02,150.1922201,64.35024716,1.45097963,0.01755325,993000000000000.0,49.81311417,6.452817601,0.317553969,0.317553969,0.36723423
LOT_0038,W018,GPU,10nm,ETCH_05,LITHO_04,DEP_01,IMP_02,155.6772164,62.17701735,1.546459478,0.03236246,987000000000000.0,50.0335516,6.263359914,0.467024046,0.467024046,0.55625385
LOT_0045,W019,CPU,7nm,ETCH_05,LITHO_04,DEP_03,IMP_03,148.3526613,68.54279537,1.550595279,0.034228388,1010000000000000.0,50.6506109,6.502178796,0.631373204,0.631373204,0.5230135
LOT_0032,W004,CPU,10nm,ETCH_01,LITHO_01,DEP_02,IMP_01,154.2024382,67.36644992,1.452053587,0.03137072,1020000000000000.0,49.99986831,7.849871371,0.775743124,0.775743124,0.6593017
LOT_0011,W021,GPU,28nm,ETCH_02,LITHO_02,DEP_02,IMP_02,157.6686214,64.28980964,1.509423788,0.018716553,1010000000000000.0,49.80629462,7.111640457,0.231554103,0.231554103,0.35658258
LOT_0025,W019,CPU,14nm,ETCH_03,LITHO_02,DEP_01,IMP_01,148.2492373,67.01214515,1.535389581,0.022702523,1000000000000000.0,50.23531717,7.77917498,0.310128914,0.310128914,0.31850082
LOT_0010,W019,Memory,10nm,ETCH_03,LITHO_01,DEP_03,IMP_03,151.1655453,68.80931296,1.463336566,0.022452496,999000000000000.0,49.61431534,6.931834579,0.394286789,0.394286789,0.54447114
LOT_0026,W004,FPGA,7nm,ETCH_01,LITHO_04,DEP_01,IMP_03,156.3409706,64.65902242,1.54250182,0.029039266,997000000000000.0,49.35234724,5.815487844,0.599588587,0.599588587,0.483928
LOT_0049,W011,ASIC,28nm,ETCH_05,LITHO_03,DEP_02,IMP_01,154.3241195,70.05666361,1.517370524,0.025472881,993000000000000.0,49.58023029,7.099636106,0.494934476,0.494934476,0.39933985
LOT_0043,W017,ASIC,14nm,ETCH_04,LITHO_04,DEP_01,IMP_01,156.7088828,67.95896455,1.569785374,0.029696342,987000000000000.0,49.67079544,7.465255383,0.398584615,0.398584615,0.37272686
LOT_0029,W009,ASIC,14nm,ETCH_04,LITHO_04,DEP_01,IMP_01,143.2454977,66.98476292,1.480015175,0.01444098,1000000000000000.0,50.90267814,6.989333809,0.181412424,0.181412424,0.30352888
LOT_0036,W002,Memory,22nm,ETCH_04,LITHO_04,DEP_03,IMP_01,156.7650397,72.06828816,1.55962387,0.033020002,1010000000000000.0,51.30577658,6.879472893,0.398782502,0.398782502,0.2763093
LOT_0027,W001,GPU,10nm,ETCH_04,LITHO_02,DEP_02,IMP_03,154.0941352,64.32965264,1.563440383,0.013085198,993000000000000.0,50.39977992,6.815598367,0.563884098,0.563884098,0.7326894
LOT_0007,W021,Memory,28nm,ETCH_03,LITHO_02,DEP_03,IMP_01,159.4818041,66.71215783,1.487865936,0.015868154,1020000000000000.0,49.71561535,7.339465645,0.239634938,0.239634938,0.32895508
LOT_0036,W020,Memory,22nm,ETCH_04,LITHO_04,DEP_03,IMP_01,161.9198602,64.82732755,1.529352121,0.033964537,1020000000000000.0,51.65632251,7.023552349,0.292968536,0.292968536,0.34084582
LOT_0046,W023,GPU,7nm,ETCH_05,LITHO_01,DEP_01,IMP_01,154.1306152,66.37884408,1.570050103,0.035176867,1000000000000000.0,50.20196614,6.437846297,0.773459551,0.773459551,0.5668512
LOT_0017,W025,Memory,10nm,ETCH_02,LITHO_04,DEP_01,IMP_01,153.6942802,68.46299773,1.539904552,0.017879162,1030000000000000.0,49.09734564,7.121035335,0.754639092,0.754639092,0.4229957
LOT_0031,W013,GPU,28nm,ETCH_02,LITHO_01,DEP_01,IMP_03,154.0441811,70.4101091,1.48328965,0.022200137,997000000000000.0,48.80584134,6.284135152,0.267693818,0.267693818,0.32097077
LOT_0007,W025,Memory,28nm,ETCH_03,LITHO_02,DEP_03,IMP_01,146.3396935,64.19976943,1.492648729,0.025203672,999000000000000.0,49.39264557,7.212921829,0.340315488,0.340315488,0.32599884
LOT_0033,W014,FPGA,10nm,ETCH_03,LITHO_04,DEP_01,IMP_03,150.7020425,67.75454031,1.505022225,0.033058179,1000000000000000.0,51.11288425,6.538421129,0.59693059,0.59693059,0.5181335
LOT_0017,W010,Memory,10nm,ETCH_02,LITHO_04,DEP_01,IMP_01,148.9930436,64.90559398,1.427929891,0.022793206,995000000000000.0,51.23487902,8.170148249,0.519264487,0.519264487,0.4942833
LOT_0039,W015,GPU,14nm,ETCH_04,LITHO_02,DEP_01,IMP_02,152.2742974,66.72310782,1.456079976,0.025481315,1000000000000000.0,49.61953146,7.439102783,0.41877912,0.41877912,0.33590215
LOT_0047,W007,FPGA,7nm,ETCH_02,LITHO_04,DEP_01,IMP_03,147.8158608,62.90725137,1.446606189,0.033916875,995000000000000.0,48.98557838,6.535036695,0.685119419,0.685119419,0.78628135
LOT_0021,W023,CPU,14nm,ETCH_04,LITHO_02,DEP_02,IMP_01,151.3764092,65.90355422,1.525263067,0.022164887,1010000000000000.0,49.23939934,7.059175033,0.334205889,0.334205889,0.33188406
LOT_0018,W003,CPU,10nm,ETCH_02,LITHO_04,DEP_03,IMP_01,156.4460007,64.78473664,1.518688744,0.028793594,988000000000000.0,50.41248446,6.199687078,0.753500953,0.753500953,0.6121067
LOT_0018,W011,CPU,10nm,ETCH_02,LITHO_04,DEP_03,IMP_01,152.2167273,66.08819412,1.563954193,0.023047479,1010000000000000.0,50.31981163,7.420803602,0.591397133,0.591397133,0.62135834
LOT_0025,W023,CPU,14nm,ETCH_03,LITHO_02,DEP_01,IMP_01,150.2413107,71.4033497,1.461844682,0.031024651,1010000000000000.0,50.64909338,7.781132555,0.339845935,0.339845935,0.36601922
LOT_0033,W010,FPGA,10nm,ETCH_03,LITHO_04,DEP_01,IMP_03,157.5793575,67.74082854,1.49819282,0.022188826,986000000000000.0,48.64077522,7.317456461,0.668164778,0.668164778,0.49775857
LOT_0049,W012,ASIC,28nm,ETCH_05,LITHO_03,DEP_02,IMP_01,154.3794641,67.64808485,1.510292758,0.014536302,1010000000000000.0,50.20276127,6.63591755,0.245001756,0.245001756,0.38240337
LOT_0048,W004,GPU,28nm,ETCH_05,LITHO_01,DEP_03,IMP_01,148.9320009,67.92139063,1.44063898,0.031536986,994000000000000.0,50.17078415,7.025621756,0.253238852,0.253238852,0.32225347
LOT_0031,W011,GPU,28nm,ETCH_02,LITHO_01,DEP_01,IMP_03,155.9441148,73.17197025,1.433249188,0.026572906,1000000000000000.0,50.20613538,6.625964098,0.318526718,0.318526718,0.37537956
LOT_0030,W021,GPU,7nm,ETCH_03,LITHO_01,DEP_03,IMP_03,147.289017,67.18163713,1.484212158,0.029007208,984000000000000.0,50.55329742,7.547180429,0.924116237,0.924116237,0.42240986
LOT_0046,W025,GPU,7nm,ETCH_05,LITHO_01,DEP_01,IMP_01,157.3446328,65.81120786,1.448520357,0.03911363,1010000000000000.0,50.41111414,7.544321772,0.34437549,0.34437549,0.595898
LOT_0002,W025,FPGA,22nm,ETCH_02,LITHO_04,DEP_03,IMP_02,149.6155058,65.54922191,1.491348256,0.017559202,1000000000000000.0,48.90637105,7.239436082,0.216119496,0.216119496,0.39364174
LOT_0023,W021,FPGA,28nm,ETCH_02,LITHO_02,DEP_02,IMP_01,146.1920951,69.42066512,1.361633729,0.038574085,994000000000000.0,50.30297187,7.096309574,0.401205964,0.401205964,0.40072283
LOT_0012,W022,Memory,28nm,ETCH_02,LITHO_03,DEP_01,IMP_01,152.8807523,63.70035932,1.486738123,0.024168595,983000000000000.0,49.40310522,6.94548829,0.333537525,0.333537525,0.259728
LOT_0024,W001,FPGA,28nm,ETCH_01,LITHO_03,DEP_02,IMP_01,153.5039636,66.11052988,1.53966976,0.025196168,1000000000000000.0,49.97920217,7.154541809,0.22522694,0.22522694,0.32580596
LOT_0017,W014,Memory,10nm,ETCH_02,LITHO_04,DEP_01,IMP_01,156.3021047,66.50527973,1.50157135,0.024127061,1010000000000000.0,49.42974681,7.612194643,0.492549606,0.492549606,0.50931543
LOT_0040,W020,FPGA,7nm,ETCH_01,LITHO_01,DEP_01,IMP_01,163.853392,69.93793005,1.585163546,0.024627686,997000000000000.0,51.49600317,6.472449185,0.739144564,0.739144564,0.5172762
LOT_0015,W014,ASIC,10nm,ETCH_03,LITHO_02,DEP_01,IMP_03,145.7099004,67.95827665,1.497803743,0.028437268,981000000000000.0,47.98699937,6.54139866,0.419436075,0.419436075,0.4684746
LOT_0039,W018,GPU,14nm,ETCH_04,LITHO_02,DEP_01,IMP_02,146.6726342,69.43026418,1.5664682,0.036377695,1000000000000000.0,51.9391847,6.814906774,0.54431702,0.54431702,0.28338253
LOT_0004,W004,GPU,14nm,ETCH_01,LITHO_01,DEP_02,IMP_01,159.361258,68.62251843,1.477145187,0.01898894,1010000000000000.0,50.76608028,6.949922962,0.240229738,0.240229738,0.3599622
LOT_0003,W014,CPU,10nm,ETCH_04,LITHO_03,DEP_02,IMP_01,144.6369837,62.8330638,1.534749895,0.030732714,990000000000000.0,49.31911272,7.314706792,0.553416834,0.553416834,0.75503147
LOT_0018,W014,CPU,10nm,ETCH_02,LITHO_04,DEP_03,IMP_01,156.2843736,70.82809706,1.392928456,0.022501996,1000000000000000.0,51.93586103,6.951999669,0.961157314,0.961157314,0.5432749
LOT_0023,W011,FPGA,28nm,ETCH_02,LITHO_02,DEP_02,IMP_01,153.8535127,67.43274454,1.461165297,0.029708095,1010000000000000.0,48.66808689,7.277319354,0.431855751,0.431855751,0.33089867
LOT_0048,W003,GPU,28nm,ETCH_05,LITHO_01,DEP_03,IMP_01,148.8277977,68.5496694,1.536609365,0.035999513,1000000000000000.0,48.09611147,7.74287547,0.345657353,0.345657353,0.34725305
LOT_0038,W011,GPU,10nm,ETCH_05,LITHO_04,DEP_01,IMP_02,157.948376,69.10840002,1.409408603,0.02585561,999000000000000.0,50.01093974,7.268299717,0.392871338,0.392871338,0.66591394
LOT_0012,W020,Memory,28nm,ETCH_02,LITHO_03,DEP_01,IMP_01,155.4898702,63.73491938,1.465775413,0.026286621,1020000000000000.0,49.89302853,6.126389167,0.442063634,0.442063634,0.4177065
LOT_0047,W009,FPGA,7nm,ETCH_02,LITHO_04,DEP_01,IMP_03,152.9670899,64.82276162,1.449459316,0.040540561,1000000000000000.0,50.94526008,6.638833188,0.492260914,0.492260914,0.62723666
LOT_0004,W002,GPU,14nm,ETCH_01,LITHO_01,DEP_02,IMP_01,148.2338598,66.69277489,1.54776526,0.022442034,981000000000000.0,49.28317768,6.958659657,0.440765701,0.440765701,0.35567528
LOT_0022,W019,Memory,28nm,ETCH_02,LITHO_01,DEP_03,IMP_02,154.9140086,69.64227669,1.509536536,0.026040709,996000000000000.0,48.50301101,6.06414244,0.422576774,0.422576774,0.33201033
LOT_0021,W020,CPU,14nm,ETCH_04,LITHO_02,DEP_02,IMP_01,149.136865,66.4916362,1.554631378,0.024095171,992000000000000.0,50.6722777,5.998330071,0.399395186,0.399395186,0.30919304
LOT_0050,W013,Memory,10nm,ETCH_03,LITHO_04,DEP_01,IMP_03,146.998793,68.22987879,1.509747311,0.036214112,989000000000000.0,50.87821861,6.556533996,0.491467096,0.491467096,0.5549797
LOT_0035,W016,ASIC,10nm,ETCH_01,LITHO_01,DEP_03,IMP_02,153.5535216,67.02086435,1.550939999,0.038037097,1020000000000000.0,49.41584894,7.346580759,0.695396052,0.695396052,0.52533996
LOT_0009,W019,ASIC,14nm,ETCH_04,LITHO_03,DEP_01,IMP_02,151.9284429,68.61826203,1.530280312,0.025543042,985000000000000.0,51.20660815,6.472455316,0.468134251,0.468134251,0.36606368
LOT_0045,W022,CPU,7nm,ETCH_05,LITHO_04,DEP_03,IMP_03,151.0273535,65.77857256,1.542073826,0.038264236,1010000000000000.0,48.61000085,6.909158569,0.568469905,0.568469905,0.6589293
LOT_0012,W011,Memory,28nm,ETCH_02,LITHO_03,DEP_01,IMP_01,154.430843,65.54940215,1.580990662,0.020909134,1000000000000000.0,48.61557685,6.792805104,0.289693088,0.289693088,0.37041155
LOT_0039,W003,GPU,14nm,ETCH_04,LITHO_02,DEP_01,IMP_02,159.5767139,66.99459841,1.541437023,0.026044771,1010000000000000.0,48.86312882,6.500026487,0.155299787,0.155299787,0.20857352
LOT_0029,W018,ASIC,14nm,ETCH_04,LITHO_04,DEP_01,IMP_01,160.0145239,66.11127334,1.53582266,0.031137497,1000000000000000.0,48.65728034,7.334790287,0.277078172,0.277078172,0.3009918
LOT_0019,W015,ASIC,22nm,ETCH_05,LITHO_04,DEP_03,IMP_02,155.554722,68.82595634,1.536461847,0.026584141,1000000000000000.0,50.68163422,7.302756826,0.275951776,0.275951776,0.38851446
LOT_0032,W013,CPU,10nm,ETCH_01,LITHO_01,DEP_02,IMP_01,154.8825284,64.47206428,1.545836243,0.024740882,995000000000000.0,50.20932685,7.249255402,0.672809052,0.672809052,0.58397055
LOT_0007,W019,Memory,28nm,ETCH_03,LITHO_02,DEP_03,IMP_01,156.1865727,65.97710575,1.453103721,0.022083125,1000000000000000.0,50.5320062,7.880594062,0.344262695,0.344262695,0.37065184
LOT_0002,W020,FPGA,22nm,ETCH_02,LITHO_04,DEP_03,IMP_02,152.1189398,65.56715421,1.559419664,0.033634662,1020000000000000.0,50.68189149,7.291964093,0.35314958,0.35314958,0.34417042
LOT_0033,W004,FPGA,10nm,ETCH_03,LITHO_04,DEP_01,IMP_03,151.3972544,65.25828541,1.488495762,0.04048772,989000000000000.0,48.56127025,6.35524164,0.624382148,0.624382148,0.5802072
LOT_0013,W010,CPU,14nm,ETCH_04,LITHO_03,DEP_01,IMP_01,146.1397097,68.50468149,1.536941164,0.031401662,1000000000000000.0,49.52360224,7.789544728,0.454673583,0.454673583,0.35961628
LOT_0048,W023,GPU,28nm,ETCH_05,LITHO_01,DEP_03,IMP_01,163.7533934,66.94748741,1.52819266,0.038798581,1000000000000000.0,50.82806698,6.782067107,0.360016665,0.360016665,0.26405892
LOT_0002,W007,FPGA,22nm,ETCH_02,LITHO_04,DEP_03,IMP_02,151.9026542,70.88714317,1.489857689,0.021234577,1000000000000000.0,50.44211667,6.430122786,0.225443776,0.225443776,0.4534278
LOT_0036,W016,Memory,22nm,ETCH_04,LITHO_04,DEP_03,IMP_01,149.1663366,67.40769532,1.473896405,0.038097155,1000000000000000.0,48.97196134,6.088732828,0.394762725,0.394762725,0.2695611
LOT_0044,W011,Memory,10nm,ETCH_01,LITHO_01,DEP_03,IMP_02,151.0251796,65.72391548,1.50928554,0.024651053,1000000000000000.0,49.47277389,7.411585505,0.46165871,0.46165871,0.57259005
LOT_0023,W005,FPGA,28nm,ETCH_02,LITHO_02,DEP_02,IMP_01,156.8666834,67.64039244,1.526229234,0.023319667,996000000000000.0,49.32298882,6.536743373,0.477037063,0.477037063,0.3004309
LOT_0005,W024,Memory,14nm,ETCH_05,LITHO_03,DEP_01,IMP_03,146.1771714,68.69077692,1.502188988,0.020720794,996000000000000.0,50.49748526,7.210226239,0.234737002,0.234737002,0.33234566
LOT_0004,W012,GPU,14nm,ETCH_01,LITHO_01,DEP_02,IMP_01,149.2054751,66.4733876,1.476254817,0.026356486,993000000000000.0,48.99966868,7.256953925,0.224609567,0.224609567,0.36782867
LOT_0016,W016,FPGA,28nm,ETCH_03,LITHO_04,DEP_03,IMP_02,148.2330026,68.43065333,1.53521681,0.0332602,982000000000000.0,51.43557099,5.965812142,0.403829453,0.403829453,0.30229026
LOT_0024,W004,FPGA,28nm,ETCH_01,LITHO_03,DEP_02,IMP_01,152.4874447,65.74667559,1.532457386,0.024733702,982000000000000.0,49.23515077,7.118937578,0.284353327,0.284353327,0.26010278
LOT_0023,W012,FPGA,28nm,ETCH_02,LITHO_02,DEP_02,IMP_01,156.5725136,65.16579688,1.4884038,0.024101219,987000000000000.0,49.64003158,7.18915528,0.254886833,0.254886833,0.30218616
LOT_0005,W002,Memory,14nm,ETCH_05,LITHO_03,DEP_01,IMP_03,153.9855143,67.66490765,1.529225161,0.02424828,984000000000000.0,49.97597214,6.183720799,0.322490218,0.322490218,0.4176536
LOT_0017,W024,Memory,10nm,ETCH_02,LITHO_04,DEP_01,IMP_01,162.2100007,67.02278171,1.469600335,0.023180442,1020000000000000.0,49.21724299,6.94179755,0.350183675,0.350183675,0.48284954
LOT_0014,W020,FPGA,14nm,ETCH_02,LITHO_04,DEP_02,IMP_03,145.0376886,64.49737069,1.453890555,0.018226909,992000000000000.0,50.89423277,6.867727051,0.410486244,0.410486244,0.3709657
LOT_0019,W002,ASIC,22nm,ETCH_05,LITHO_04,DEP_03,IMP_02,147.1066307,69.30539419,1.464042776,0.026513982,1020000000000000.0,50.79449829,6.677224068,0.433052805,0.433052805,0.37035772
LOT_0014,W003,FPGA,14nm,ETCH_02,LITHO_04,DEP_02,IMP_03,155.3619262,64.77886042,1.42915318,0.014658276,995000000000000.0,49.64154449,6.925049443,0.245201227,0.245201227,0.3939658
LOT_0030,W008,GPU,7nm,ETCH_03,LITHO_01,DEP_03,IMP_03,152.1598371,70.42608452,1.526986184,0.033256877,994000000000000.0,50.10296524,6.446269296,0.440558771,0.440558771,0.6132792
LOT_0048,W011,GPU,28nm,ETCH_05,LITHO_01,DEP_03,IMP_01,147.7437621,67.8035344,1.517147438,0.03766338,991000000000000.0,48.9994806,6.785101781,0.368965763,0.368965763,0.31397623
LOT_0012,W016,Memory,28nm,ETCH_02,LITHO_03,DEP_01,IMP_01,148.2741611,65.99006458,1.530639537,0.023872529,979000000000000.0,49.65679407,7.486863115,0.447359379,0.447359379,0.34839624
LOT_0026,W005,FPGA,7nm,ETCH_01,LITHO_04,DEP_01,IMP_03,149.5844426,68.37350653,1.53981314,0.028831583,997000000000000.0,50.7785729,6.785140305,0.654870561,0.654870561,0.6181008
LOT_0038,W013,GPU,10nm,ETCH_05,LITHO_04,DEP_01,IMP_02,156.0295047,66.37975824,1.499601599,0.03456706,1000000000000000.0,49.06300577,7.270713565,0.765102142,0.765102142,0.55481833
LOT_0005,W014,Memory,14nm,ETCH_05,LITHO_03,DEP_01,IMP_03,143.7794276,62.09347907,1.512375596,0.022752027,1000000000000000.0,49.40773347,6.210192246,0.221392718,0.221392718,0.31184793
LOT_0022,W025,Memory,28nm,ETCH_02,LITHO_01,DEP_03,IMP_02,153.2247567,67.73373049,1.397448876,0.029734874,1000000000000000.0,49.83744038,7.100455469,0.231544923,0.231544923,0.41635507
LOT_0023,W009,FPGA,28nm,ETCH_02,LITHO_02,DEP_02,IMP_01,153.5897978,71.36148765,1.524659784,0.020158321,1000000000000000.0,51.08927225,5.828760831,0.432213239,0.432213239,0.34362343
LOT_0026,W006,FPGA,7nm,ETCH_01,LITHO_04,DEP_01,IMP_03,150.6945642,65.70986619,1.496190619,0.026356376,1020000000000000.0,51.22857208,7.667736949,0.658380825,0.658380825,0.5964561
LOT_0044,W018,Memory,10nm,ETCH_01,LITHO_01,DEP_03,IMP_02,153.8391912,67.7588654,1.594377568,0.039829103,997000000000000.0,50.29916457,6.354815809,0.822997725,0.822997725,0.5883015
LOT_0046,W024,GPU,7nm,ETCH_05,LITHO_01,DEP_01,IMP_01,153.1733072,66.19262362,1.558630198,0.028481256,1020000000000000.0,49.70311402,7.237195533,0.741768525,0.741768525,0.60020906
LOT_0037,W017,CPU,7nm,ETCH_04,LITHO_03,DEP_01,IMP_01,159.6642111,69.6106278,1.502225104,0.024419027,1000000000000000.0,49.57032387,6.345610848,0.450185291,0.450185291,0.55876744
LOT_0007,W006,Memory,28nm,ETCH_03,LITHO_02,DEP_03,IMP_01,148.1739157,64.72240939,1.446535657,0.012065271,996000000000000.0,49.32061543,6.825192505,0.461784703,0.461784703,0.3388462
LOT_0040,W008,FPGA,7nm,ETCH_01,LITHO_01,DEP_01,IMP_01,154.6399418,67.18229224,1.50840128,0.026228377,993000000000000.0,50.57469299,7.70795532,0.464879045,0.464879045,0.49293965
LOT_0010,W007,Memory,10nm,ETCH_03,LITHO_01,DEP_03,IMP_03,152.1609323,65.67056575,1.455681243,0.028257386,990000000000000.0,50.72077208,7.436459174,0.247321106,0.247321106,0.7218801
LOT_0050,W016,Memory,10nm,ETCH_03,LITHO_04,DEP_01,IMP_03,151.191298,69.64049703,1.547553518,0.032614936,990000000000000.0,50.5404568,5.785353516,0.66412069,0.66412069,0.55685383
LOT_0036,W007,Memory,22nm,ETCH_04,LITHO_04,DEP_03,IMP_01,153.4490294,66.66160156,1.526899782,0.03807942,1010000000000000.0,50.866718,7.857544098,0.30328669,0.30328669,0.42836612
LOT_0003,W002,CPU,10nm,ETCH_04,LITHO_03,DEP_02,IMP_01,151.0726668,67.20029094,1.490102344,0.027586391,990000000000000.0,50.2045494,6.735350881,0.680362913,0.680362913,0.5791893
LOT_0003,W021,CPU,10nm,ETCH_04,LITHO_03,DEP_02,IMP_01,151.1826767,64.5693569,1.509234015,0.014264369,1010000000000000.0,48.95308902,7.592852077,0.852457256,0.852457256,0.62432617
LOT_0010,W016,Memory,10nm,ETCH_03,LITHO_01,DEP_03,IMP_03,149.0576196,69.08534,1.500967204,0.018055183,1010000000000000.0,50.29094736,6.604559104,0.416692142,0.416692142,0.7188156
LOT_0001,W024,CPU,10nm,ETCH_02,LITHO_01,DEP_03,IMP_01,143.3295557,64.91693435,1.5028737,0.009585988,1010000000000000.0,51.20463507,6.689818139,0.838292167,0.838292167,0.6374074
LOT_0025,W014,CPU,14nm,ETCH_03,LITHO_02,DEP_01,IMP_01,154.0467317,67.09866768,1.528331247,0.019646156,1000000000000000.0,48.81461737,6.641658046,0.31414395,0.31414395,0.36474568
LOT_0024,W010,FPGA,28nm,ETCH_01,LITHO_03,DEP_02,IMP_01,145.8705387,66.23024652,1.516816148,0.025126886,989000000000000.0,47.61723765,6.686474577,0.242477752,0.242477752,0.30691388
LOT_0017,W006,Memory,10nm,ETCH_02,LITHO_04,DEP_01,IMP_01,139.5033883,64.44266153,1.507451985,0.032660819,995000000000000.0,49.50768121,6.789262581,0.480722247,0.480722247,0.41952103
LOT_0005,W008,Memory,14nm,ETCH_05,LITHO_03,DEP_01,IMP_03,146.1075858,62.47492847,1.412807594,0.022595092,1010000000000000.0,47.3611915,5.795055916,0.427834257,0.427834257,0.41191006
LOT_0003,W009,CPU,10nm,ETCH_04,LITHO_03,DEP_02,IMP_01,139.7330494,64.0220765,1.43384551,0.029210076,997000000000000.0,50.98176549,5.750297143,0.40019328,0.40019328,0.7566676
LOT_0049,W014,ASIC,28nm,ETCH_05,LITHO_03,DEP_02,IMP_01,153.0063022,67.06431673,1.526360724,0.027788133,999000000000000.0,49.98825685,7.169753884,0.254926099,0.254926099,0.3941462
LOT_0039,W004,GPU,14nm,ETCH_04,LITHO_02,DEP_01,IMP_02,148.2463494,67.94789689,1.404154362,0.021597106,1020000000000000.0,50.98359832,6.845678435,0.247825211,0.247825211,0.32040942
LOT_0040,W006,FPGA,7nm,ETCH_01,LITHO_01,DEP_01,IMP_01,164.668228,67.62833817,1.438834648,0.027430019,995000000000000.0,49.88378274,7.249629243,0.723019754,0.723019754,0.56334597
LOT_0045,W011,CPU,7nm,ETCH_05,LITHO_04,DEP_03,IMP_03,152.6262281,70.01016721,1.474858764,0.030094975,990000000000000.0,51.00688358,6.524577333,0.735549977,0.735549977,0.5362309
LOT_0009,W021,ASIC,14nm,ETCH_04,LITHO_03,DEP_01,IMP_02,145.2315386,67.1094666,1.509971199,0.025365191,997000000000000.0,47.93659685,7.470590933,0.234943565,0.234943565,0.32745948
LOT_0030,W007,GPU,7nm,ETCH_03,LITHO_01,DEP_03,IMP_03,157.4672624,66.38442618,1.466318371,0.021409959,989000000000000.0,50.71423747,7.348498551,0.759438574,0.759438574,0.5474382
LOT_0033,W024,FPGA,10nm,ETCH_03,LITHO_04,DEP_01,IMP_03,151.2531856,63.95396756,1.462892679,0.02990175,995000000000000.0,51.3432289,6.717500488,0.606556671,0.606556671,0.59026337
LOT_0037,W011,CPU,7nm,ETCH_04,LITHO_03,DEP_01,IMP_01,152.9993272,64.90283662,1.510340818,0.024602902,992000000000000.0,47.47199541,6.848456961,0.317344711,0.317344711,0.7009222
LOT_0029,W022,ASIC,14nm,ETCH_04,LITHO_04,DEP_01,IMP_01,155.6592701,66.72257046,1.516286252,0.033274035,992000000000000.0,51.34837545,6.171033503,0.387106945,0.387106945,0.34247175
LOT_0028,W021,FPGA,22nm,ETCH_02,LITHO_02,DEP_03,IMP_02,152.9515356,71.11122992,1.464607188,0.0283829,1030000000000000.0,50.47590083,8.040346255,0.257285291,0.257285291,0.2866609
LOT_0039,W019,GPU,14nm,ETCH_04,LITHO_02,DEP_01,IMP_02,153.1891804,67.02992422,1.443346241,0.021569189,1010000000000000.0,49.25412149,6.561151743,0.456884544,0.456884544,0.26007733
LOT_0025,W025,CPU,14nm,ETCH_03,LITHO_02,DEP_01,IMP_01,156.1477918,65.02934714,1.461368156,0.015894988,1010000000000000.0,50.19379871,6.892216028,0.289964956,0.289964956,0.44189918
LOT_0015,W018,ASIC,10nm,ETCH_03,LITHO_02,DEP_01,IMP_03,149.163181,67.47334031,1.510079006,0.023494297,1020000000000000.0,49.55659033,6.712704985,0.513261362,0.513261362,0.5773123
LOT_0040,W003,FPGA,7nm,ETCH_01,LITHO_01,DEP_01,IMP_01,152.1637373,66.59741913,1.527240917,0.022526614,1010000000000000.0,50.52734824,6.400771353,0.50779651,0.50779651,0.622791
LOT_0022,W012,Memory,28nm,ETCH_02,LITHO_01,DEP_03,IMP_02,158.5176034,66.62501737,1.535625222,0.021553355,985000000000000.0,51.00958597,7.13701942,0.474361915,0.474361915,0.33502045
LOT_0008,W018,CPU,10nm,ETCH_03,LITHO_01,DEP_01,IMP_01,148.5121458,64.03599301,1.462014844,0.014144657,999000000000000.0,47.92441199,6.92483977,0.449170137,0.449170137,0.5945053
LOT_0003,W005,CPU,10nm,ETCH_04,LITHO_03,DEP_02,IMP_01,152.8852041,65.45364378,1.435850389,0.025981334,1010000000000000.0,51.50075979,6.825673933,0.509742136,0.509742136,0.69353217
LOT_0022,W011,Memory,28nm,ETCH_02,LITHO_01,DEP_03,IMP_02,152.7859886,69.51553729,1.531597112,0.027162177,999000000000000.0,49.55104018,6.901202716,0.227563442,0.227563442,0.283615
LOT_0027,W012,GPU,10nm,ETCH_04,LITHO_02,DEP_02,IMP_03,148.5076374,62.87541044,1.391332446,0.030633653,1000000000000000.0,50.08970726,7.003459724,0.872870212,0.872870212,0.5403016
LOT_0003,W007,CPU,10nm,ETCH_04,LITHO_03,DEP_02,IMP_01,160.0701568,64.9186352,1.510871644,0.025350339,999000000000000.0,52.40341559,7.100549523,0.774878453,0.774878453,0.6632769
LOT_0005,W010,Memory,14nm,ETCH_05,LITHO_03,DEP_01,IMP_03,147.0247817,65.21766105,1.526854542,0.022258132,1000000000000000.0,49.40219161,6.502909954,0.330895129,0.330895129,0.36127883
LOT_0012,W024,Memory,28nm,ETCH_02,LITHO_03,DEP_01,IMP_01,148.8428149,68.68681159,1.56140151,0.022325985,993000000000000.0,49.34286504,6.673268552,0.396761335,0.396761335,0.32407984
LOT_0012,W015,Memory,28nm,ETCH_02,LITHO_03,DEP_01,IMP_01,151.2552635,67.21731561,1.502829009,0.018395939,998000000000000.0,48.62835536,7.711877038,0.501378595,0.501378595,0.3641379
LOT_0023,W017,FPGA,28nm,ETCH_02,LITHO_02,DEP_02,IMP_01,148.5900224,66.62411207,1.490854922,0.019172792,1010000000000000.0,51.18516303,6.653116696,0.353621024,0.353621024,0.32074758
LOT_0046,W016,GPU,7nm,ETCH_05,LITHO_01,DEP_01,IMP_01,153.2504507,67.9117129,1.496681508,0.026466603,993000000000000.0,48.83408,6.81930418,0.467971247,0.467971247,0.55160177
LOT_0020,W005,FPGA,7nm,ETCH_01,LITHO_03,DEP_03,IMP_02,147.0337525,65.83163734,1.482015058,0.023437099,1010000000000000.0,48.29080347,7.258278522,0.530260147,0.530260147,0.7469538
LOT_0015,W003,ASIC,10nm,ETCH_03,LITHO_02,DEP_01,IMP_03,149.3060485,64.75957596,1.443717252,0.022793543,995000000000000.0,50.42243497,6.816398033,0.529446052,0.529446052,0.5957251
LOT_0036,W011,Memory,22nm,ETCH_04,LITHO_04,DEP_03,IMP_01,161.3990962,70.44325692,1.575284442,0.035812465,994000000000000.0,50.22130489,6.915160086,0.406689,0.406689,0.2835916
LOT_0014,W009,FPGA,14nm,ETCH_02,LITHO_04,DEP_02,IMP_03,149.8553875,65.51624262,1.454804392,0.01400793,1010000000000000.0,51.56650913,6.79715581,0.47635083,0.47635083,0.42609957
LOT_0027,W017,GPU,10nm,ETCH_04,LITHO_02,DEP_02,IMP_03,149.1038903,66.69825158,1.501967788,0.028319442,979000000000000.0,50.35833407,6.074206583,0.616191551,0.616191551,0.5978385
LOT_0023,W003,FPGA,28nm,ETCH_02,LITHO_02,DEP_02,IMP_01,151.3456824,65.97113937,1.534638788,0.023976464,987000000000000.0,50.32005819,7.497434347,0.377707162,0.377707162,0.27816436
LOT_0031,W021,GPU,28nm,ETCH_02,LITHO_01,DEP_01,IMP_03,156.8326082,67.78208233,1.421906071,0.024660381,1020000000000000.0,50.35873614,6.731296811,0.336952588,0.336952588,0.3520856
LOT_0025,W022,CPU,14nm,ETCH_03,LITHO_02,DEP_01,IMP_01,144.4582052,63.9238513,1.481120171,0.032328995,1000000000000000.0,50.48344367,7.295332648,0.234797856,0.234797856,0.37098742
LOT_0034,W012,GPU,28nm,ETCH_05,LITHO_04,DEP_01,IMP_02,156.6442458,65.03649765,1.433387771,0.024912503,1010000000000000.0,49.43504847,6.238278971,0.310730601,0.310730601,0.38354495
LOT_0019,W004,ASIC,22nm,ETCH_05,LITHO_04,DEP_03,IMP_02,146.2568774,63.71575581,1.543936714,0.019278633,993000000000000.0,50.70171006,6.770051079,0.273819321,0.273819321,0.37148252
LOT_0021,W007,CPU,14nm,ETCH_04,LITHO_02,DEP_02,IMP_01,147.1961022,66.70825537,1.534852549,0.025959406,992000000000000.0,48.92933359,7.344247987,0.385790101,0.385790101,0.37278488
LOT_0017,W012,Memory,10nm,ETCH_02,LITHO_04,DEP_01,IMP_01,150.3431424,65.00899096,1.454581095,0.022617599,992000000000000.0,50.06116257,6.827592435,0.640642025,0.640642025,0.6160067
LOT_0022,W014,Memory,28nm,ETCH_02,LITHO_01,DEP_03,IMP_02,142.9119546,65.71580262,1.436636166,0.029130728,996000000000000.0,49.72064975,6.959403408,0.306148181,0.306148181,0.34493095
LOT_0044,W013,Memory,10nm,ETCH_01,LITHO_01,DEP_03,IMP_02,152.6415983,68.97821665,1.46542348,0.032056201,1000000000000000.0,49.44198082,7.174778827,0.464841131,0.464841131,0.47446853
LOT_0035,W009,ASIC,10nm,ETCH_01,LITHO_01,DEP_03,IMP_02,156.8369155,66.71539363,1.527230625,0.027537419,990000000000000.0,50.11784433,6.694043474,0.832204633,0.832204633,0.58719873
LOT_0024,W016,FPGA,28nm,ETCH_01,LITHO_03,DEP_02,IMP_01,151.3975129,62.48813343,1.524314365,0.021468279,1000000000000000.0,49.1956385,6.359254514,0.254348817,0.254348817,0.3054022
LOT_0008,W024,CPU,10nm,ETCH_03,LITHO_01,DEP_01,IMP_01,150.1893801,65.88609754,1.542480599,0.026464288,1010000000000000.0,49.60694724,7.696727264,0.599589409,0.599589409,0.6955645
LOT_0048,W009,GPU,28nm,ETCH_05,LITHO_01,DEP_03,IMP_01,149.7730921,67.14585794,1.529115302,0.034062525,999000000000000.0,50.12899459,6.996449939,0.463536106,0.463536106,0.34037063
LOT_0012,W003,Memory,28nm,ETCH_02,LITHO_03,DEP_01,IMP_01,149.9241236,63.94752359,1.510761037,0.027832757,999000000000000.0,51.13997511,6.758863895,0.356887524,0.356887524,0.36817735
LOT_0008,W022,CPU,10nm,ETCH_03,LITHO_01,DEP_01,IMP_01,145.4642159,64.86898813,1.492435039,0.016021054,992000000000000.0,49.54805063,6.996477507,0.605389762,0.605389762,0.5342204
LOT_0020,W012,FPGA,7nm,ETCH_01,LITHO_03,DEP_03,IMP_02,150.8712685,67.24254027,1.537301198,0.0228623,998000000000000.0,50.55582603,6.784786151,0.505481645,0.505481645,0.59609765
LOT_0014,W018,FPGA,14nm,ETCH_02,LITHO_04,DEP_02,IMP_03,151.0477304,68.6450836,1.571438008,0.030171548,999000000000000.0,51.04839989,7.872291935,0.431966013,0.431966013,0.41264853
LOT_0009,W011,ASIC,14nm,ETCH_04,LITHO_03,DEP_01,IMP_02,145.8009673,64.38470731,1.493134452,0.027788958,1020000000000000.0,49.11924591,6.632399483,0.374260785,0.374260785,0.38419762
LOT_0013,W009,CPU,14nm,ETCH_04,LITHO_03,DEP_01,IMP_01,156.6281606,71.18402382,1.529904958,0.025246641,997000000000000.0,50.18007104,6.582155497,0.274573657,0.274573657,0.3643038
LOT_0031,W025,GPU,28nm,ETCH_02,LITHO_01,DEP_01,IMP_03,158.5321236,69.28521897,1.522638129,0.040504332,1010000000000000.0,50.79064158,7.182213039,0.309081192,0.309081192,0.42430374
LOT_0018,W018,CPU,10nm,ETCH_02,LITHO_04,DEP_03,IMP_01,157.7981539,65.13596101,1.46566338,0.027924832,1010000000000000.0,49.93255344,6.828847578,0.440572532,0.440572532,0.5800107
LOT_0047,W015,FPGA,7nm,ETCH_02,LITHO_04,DEP_01,IMP_03,164.5827016,63.25399271,1.473276516,0.030771169,1020000000000000.0,50.68950683,8.330659326,0.562938053,0.562938053,0.5141149
LOT_0046,W019,GPU,7nm,ETCH_05,LITHO_01,DEP_01,IMP_01,154.4567223,64.50221386,1.490320746,0.026071067,992000000000000.0,48.21986325,6.909700153,0.527594136,0.527594136,0.44433028
LOT_0011,W010,GPU,28nm,ETCH_02,LITHO_02,DEP_02,IMP_02,153.0655588,66.15966383,1.540318271,0.018997445,1000000000000000.0,51.19074612,7.530597138,0.219263922,0.219263922,0.3253206
LOT_0020,W003,FPGA,7nm,ETCH_01,LITHO_03,DEP_03,IMP_02,148.6708824,64.92926591,1.485333007,0.023773261,979000000000000.0,49.04033667,6.994880301,0.594252037,0.594252037,0.5148738
LOT_0013,W013,CPU,14nm,ETCH_04,LITHO_03,DEP_01,IMP_01,151.6740377,64.29560118,1.442642024,0.030449525,1000000000000000.0,49.51574165,6.991715795,0.216735838,0.216735838,0.37253556
LOT_0010,W023,Memory,10nm,ETCH_03,LITHO_01,DEP_03,IMP_03,148.8287986,66.20182193,1.502230386,0.030285399,1010000000000000.0,49.50660925,6.158327653,0.653947452,0.653947452,0.75822276
LOT_0042,W008,CPU,10nm,ETCH_04,LITHO_01,DEP_02,IMP_02,156.5654529,66.76611748,1.473702363,0.032292301,981000000000000.0,50.61783822,6.569675434,0.499069409,0.499069409,0.5512503
LOT_0001,W011,CPU,10nm,ETCH_02,LITHO_01,DEP_03,IMP_01,152.4265869,63.53228513,1.507686255,0.021291044,1010000000000000.0,51.08305124,6.311165316,0.647823655,0.647823655,0.7687651
LOT_0006,W023,ASIC,28nm,ETCH_01,LITHO_04,DEP_01,IMP_03,151.2816814,64.57570854,1.559981904,0.020906728,992000000000000.0,49.10650677,6.726870481,0.361593746,0.361593746,0.36478
LOT_0040,W019,FPGA,7nm,ETCH_01,LITHO_01,DEP_01,IMP_01,149.3782143,68.68283954,1.492627555,0.031137851,998000000000000.0,49.34199415,7.118681503,0.574374429,0.574374429,0.74811894
LOT_0040,W024,FPGA,7nm,ETCH_01,LITHO_01,DEP_01,IMP_01,157.1533993,66.65914457,1.457905782,0.028241963,1010000000000000.0,50.89834613,7.142743081,0.687314053,0.687314053,0.49389848
LOT_0020,W011,FPGA,7nm,ETCH_01,LITHO_03,DEP_03,IMP_02,153.2525075,68.00079907,1.476706353,0.023737759,994000000000000.0,51.7236729,7.48233712,0.921320468,0.921320468,0.54420567
LOT_0018,W001,CPU,10nm,ETCH_02,LITHO_04,DEP_03,IMP_01,161.0916141,68.11291049,1.451542463,0.026121273,1010000000000000.0,50.46136352,6.942583787,0.434715808,0.434715808,0.5413575
LOT_0014,W007,FPGA,14nm,ETCH_02,LITHO_04,DEP_02,IMP_03,156.4917403,66.85114412,1.436565401,0.031932985,1010000000000000.0,50.20866348,6.651989919,0.402595715,0.402595715,0.35002634
LOT_0012,W001,Memory,28nm,ETCH_02,LITHO_03,DEP_01,IMP_01,152.0198748,67.38495597,1.510402752,0.020384344,1010000000000000.0,49.7162725,6.662792843,0.381133152,0.381133152,0.3494713
LOT_0031,W003,GPU,28nm,ETCH_02,LITHO_01,DEP_01,IMP_03,151.1699665,70.29590864,1.479834262,0.033058198,995000000000000.0,51.05603037,6.978775735,0.4386985,0.4386985,0.31400415
LOT_0046,W011,GPU,7nm,ETCH_05,LITHO_01,DEP_01,IMP_01,156.1349083,65.32957124,1.481724368,0.022260749,1010000000000000.0,50.77809697,6.444595688,0.534113235,0.534113235,0.563661
LOT_0030,W003,GPU,7nm,ETCH_03,LITHO_01,DEP_03,IMP_03,163.3297293,66.40280457,1.391491953,0.021222991,1010000000000000.0,50.20461823,5.967804518,0.643134821,0.643134821,0.52213794
LOT_0017,W021,Memory,10nm,ETCH_02,LITHO_04,DEP_01,IMP_01,157.8347832,67.88924915,1.522471676,0.029605129,1010000000000000.0,49.75342895,7.00319077,0.477921056,0.477921056,0.5965714
LOT_0043,W021,ASIC,14nm,ETCH_04,LITHO_04,DEP_01,IMP_01,158.5296715,70.66203643,1.543729382,0.033705996,975000000000000.0,49.21583726,7.148386254,0.208032744,0.208032744,0.26070824
LOT_0019,W018,ASIC,22nm,ETCH_05,LITHO_04,DEP_03,IMP_02,148.5961172,67.99996044,1.469932259,0.032842923,993000000000000.0,49.34696942,7.53259159,0.335775743,0.335775743,0.37225792
LOT_0015,W022,ASIC,10nm,ETCH_03,LITHO_02,DEP_01,IMP_03,156.168187,66.53849081,1.483755259,0.022667192,1000000000000000.0,52.42619281,6.859536688,0.484350433,0.484350433,0.5741517
LOT_0009,W009,ASIC,14nm,ETCH_04,LITHO_03,DEP_01,IMP_02,149.4719044,66.86732205,1.465090016,0.031393373,1000000000000000.0,50.85958487,7.569777768,0.409455136,0.409455136,0.28267914
