row_id,lot_id,wafer_id,feature,impact_strength,feature_value,yield_pred,riskscore,mode,direction,product_type,technology_node,normal_mean,normal_std,diff,pct_diff,z_score,relative_direction
0,LOT_0028,W006,critical_dimension,0.1289211511611938,27.02682866,0.28758618,0.61655176,negative_only,negative,FPGA,22nm,27.8400385982,2.015506690567852,-0.8132099382,-2.9210086591739426,-0.4034766749235688,low
0,LOT_0028,W006,oxide_thickness,0.0149363605305552,64.14036987,0.28758618,0.61655176,negative_only,negative,FPGA,22nm,60.1045676658,3.4441643794665366,4.035802204200003,6.714634778796125,1.171779787018564,high
0,LOT_0028,W006,temperature,0.0092747909948229,67.62163933,0.28758618,0.61655176,negative_only,negative,FPGA,22nm,66.98132022120001,2.4779429089655696,0.6403191087999858,0.9559666884376535,0.25840753078886824,high
0,LOT_0028,W006,pressure,0.0076674157753586,143.7373324,0.28758618,0.61655176,negative_only,negative,FPGA,22nm,152.880011038,5.808711398393701,-9.142678637999978,-5.980296950441522,-1.573959869817989,low
0,LOT_0028,W006,etch_rate,0.0073729748837649,3.672160836,0.28758618,0.61655176,negative_only,negative,FPGA,22nm,3.64281786206,0.10442849143629418,0.029342973940000405,0.8055020877533536,0.28098628310564633,high
1,LOT_0004,W007,critical_dimension,0.1581940650939941,30.32386763,0.31404448,0.5812740266666666,negative_only,negative,GPU,14nm,27.9812421574,2.090914902921411,2.342625472599998,8.37212822553962,1.1203829807738783,high
1,LOT_0004,W007,exposure_time,0.0113021414726972,1.569861321,0.31404448,0.5812740266666666,negative_only,negative,GPU,14nm,1.49348743974,0.0586404972794452,0.07637388126000011,5.113794677922302,1.3024084634487298,high
1,LOT_0004,W007,focus_offset,0.0089896693825721,0.022285066,0.31404448,0.5812740266666666,negative_only,negative,GPU,14nm,0.02597352128,0.005566928104691624,-0.003688455279999999,-14.200828213584899,-0.6625655205293508,low
1,LOT_0004,W007,tilt_angle,0.0067163514904677,6.744781974,0.31404448,0.5812740266666666,negative_only,negative,GPU,14nm,7.0198333886199995,0.4114590770320984,-0.27505141461999916,-3.9182043127506243,-0.6684781775516982,low
1,LOT_0004,W007,implant_energy,0.0015723096439614,50.60247721,0.31404448,0.5812740266666666,negative_only,negative,GPU,14nm,50.0215159134,0.8839977723305813,0.5809612966000017,1.1614228117240184,0.6571976922647117,high
2,LOT_0021,W014,critical_dimension,0.1140722632408142,27.93772892,0.3017725,0.5976366666666667,negative_only,negative,CPU,14nm,28.018333196266667,2.2386743280376447,-0.08060427626666566,-0.2876840520781908,-0.03600536050338131,low
2,LOT_0021,W014,thickness_uniformity,0.0333075635135173,2.001039268,0.3017725,0.5976366666666667,negative_only,negative,CPU,14nm,1.6476204932666667,0.20275007048668925,0.3534187747333333,21.45025362109465,1.7431252780423092,high
2,LOT_0021,W014,exposure_time,0.0131674474105238,1.437853333,0.3017725,0.5976366666666667,negative_only,negative,CPU,14nm,1.4973807743866667,0.052877713394887206,-0.05952744138666666,-3.975437802137867,-1.1257567023816448,low
2,LOT_0021,W014,etch_rate,0.0070301378145813,3.700491779,0.3017725,0.5976366666666667,negative_only,negative,CPU,14nm,3.581482403213333,0.07823905353590051,0.11900937578666682,3.322908292015106,1.521099360065229,high
2,LOT_0021,W014,focus_offset,0.0058442968875169,0.022442878,0.3017725,0.5976366666666667,negative_only,negative,CPU,14nm,0.02460239432,0.005206275211866782,-0.002159516319999999,-8.777666938163804,-0.4147909623154002,low
3,LOT_0019,W012,critical_dimension,0.1182771921157836,30.17261751,0.29999697,0.6000040400000001,negative_only,negative,ASIC,22nm,28.12427186,1.5183984342605819,2.048345649999998,7.2831953130151765,1.3490172292284197,high
3,LOT_0019,W012,exposure_time,0.0287220887839794,1.58755678,0.29999697,0.6000040400000001,negative_only,negative,ASIC,22nm,1.49909341148,0.0491589112470976,0.08846336851999981,5.901124491878855,1.7995387708201942,high
3,LOT_0019,W012,pressure,0.0144727956503629,145.8426273,0.29999697,0.6000040400000001,negative_only,negative,ASIC,22nm,150.606210704,5.172136053901967,-4.763583404000002,-3.1629395505678537,-0.9210089126493968,low
3,LOT_0019,W012,focus_offset,0.012477459385991,0.024112989,0.29999697,0.6000040400000001,negative_only,negative,ASIC,22nm,0.02796373228,0.005474175731950858,-0.003850743279999999,-13.770490661753298,-0.7034378809008037,low
3,LOT_0019,W012,etch_rate,0.0066308970563113,3.632133247,0.29999697,0.6000040400000001,negative_only,negative,ASIC,22nm,3.5337741382399996,0.07077650741612505,0.09835910876000042,2.783401114060852,1.3897140585362815,high
4,LOT_0043,W001,critical_dimension,0.1254161298274994,29.87678267,0.28740966,0.61678712,negative_only,negative,ASIC,14nm,27.874665892,2.309121976360678,2.0021167780000013,7.18256780434732,0.8670467812568382,high
4,LOT_0043,W001,thickness_uniformity,0.0426951311528682,1.983279252,0.28740966,0.61678712,negative_only,negative,ASIC,14nm,1.7539788271866668,0.24342283187801647,0.22930042481333324,13.073158075140118,0.9419840452199477,high
4,LOT_0043,W001,tilt_angle,0.0099876495078206,6.53907066,0.28740966,0.61678712,negative_only,negative,ASIC,14nm,7.026507104146667,0.4836195460403119,-0.48743644414666676,-6.937108820250631,-1.0078923549093781,low
4,LOT_0043,W001,etch_rate,0.007051398511976,3.787305613,0.28740966,0.61678712,negative_only,negative,ASIC,14nm,3.6278229798,0.11384276457930306,0.1594826332000001,4.396097440367152,1.4009026606868948,high
4,LOT_0043,W001,implant_energy,0.0029419003985822,51.2604294,0.28740966,0.61678712,negative_only,negative,ASIC,14nm,50.10507249533333,1.056051778488637,1.155356904666668,2.3058681428935497,1.0940343334548583,high
5,LOT_0009,W010,critical_dimension,0.1328954994678497,26.82369129,0.28957933,0.6138942266666666,negative_only,negative,ASIC,14nm,27.874665892,2.309121976360678,-1.0509746020000001,-3.7703576646776065,-0.45514035737569053,low
5,LOT_0009,W010,thickness_uniformity,0.0273280534893274,1.790971814,0.28957933,0.6138942266666666,negative_only,negative,ASIC,14nm,1.7539788271866668,0.24342283187801647,0.036992986813333184,2.109089700448551,0.15197007764621254,high
5,LOT_0009,W010,oxide_thickness,0.026940518990159,64.25471635,0.28957933,0.6138942266666666,negative_only,negative,ASIC,14nm,60.52023466133333,3.2839797185108295,3.734481688666662,6.17063319318379,1.1371817147588652,high
5,LOT_0009,W010,focus_offset,0.0096832038834691,0.01755325,0.28957933,0.6138942266666666,negative_only,negative,ASIC,14nm,0.030037575453333337,0.006922705067374605,-0.012484325453333337,-41.56235930927751,-1.8033880583446382,low
5,LOT_0009,W010,exposure_time,0.0086609097197651,1.45097963,0.28957933,0.6138942266666666,negative_only,negative,ASIC,14nm,1.50156104688,0.04740395949750467,-0.05058141688000006,-3.368588773091453,-1.0670293441549605,low
6,LOT_0043,W017,critical_dimension,0.1126639544963836,28.6228167,0.23337913,0.6888278266666666,negative_only,negative,ASIC,14nm,27.874665892,2.309121976360678,0.7481508080000019,2.6839812569300805,0.32399795910960794,high
6,LOT_0043,W017,thickness_uniformity,0.046942364424467,2.024532843,0.23337913,0.6888278266666666,negative_only,negative,ASIC,14nm,1.7539788271866668,0.24342283187801647,0.27055401581333305,15.425158586038496,1.111457017464391,high
6,LOT_0043,W017,etch_rate,0.0114073194563388,3.727444416,0.23337913,0.6888278266666666,negative_only,negative,ASIC,14nm,3.6278229798,0.11384276457930306,0.09962143620000008,2.7460390632960756,0.8750791997459304,high
6,LOT_0043,W017,dose,0.0113274278119206,987000000000000.0,0.23337913,0.6888278266666666,negative_only,negative,ASIC,14nm,998546666666666.6,10067734565396.484,-11546666666666.625,-1.1563472246331294,-1.1468982015431093,low
6,LOT_0043,W017,oxide_thickness,0.0094935977831482,64.08487037,0.23337913,0.6888278266666666,negative_only,negative,ASIC,14nm,60.52023466133333,3.2839797185108295,3.564635708666671,5.88998989933731,1.0854621566291667,high
7,LOT_0029,W009,critical_dimension,0.1211416274309158,31.36532583,0.23873962,0.6816805066666666,negative_only,negative,ASIC,14nm,27.874665892,2.309121976360678,3.4906599380000003,12.522696958590593,1.511682783423082,high
7,LOT_0029,W009,thickness_uniformity,0.0484978295862674,2.123839851,0.23873962,0.6816805066666666,negative_only,negative,ASIC,14nm,1.7539788271866668,0.24342283187801647,0.3698610238133333,21.086971967370342,1.519417958621315,high
7,LOT_0029,W009,oxide_thickness,0.0437475629150867,66.44471761,0.23873962,0.6816805066666666,negative_only,negative,ASIC,14nm,60.52023466133333,3.2839797185108295,5.924482948666665,9.78925971077563,1.8040558878814135,high
7,LOT_0029,W009,implant_energy,0.0051921154372394,50.90267814,0.23873962,0.6816805066666666,negative_only,negative,ASIC,14nm,50.10507249533333,1.056051778488637,0.7976056446666675,1.5918660625130039,0.7552713419534081,high
7,LOT_0029,W009,etch_rate,0.0047642271965742,3.7499075,0.23873962,0.6816805066666666,negative_only,negative,ASIC,14nm,3.6278229798,0.11384276457930306,0.12208452020000005,3.365228150494769,1.0723959452210932,high
8,LOT_0007,W021,critical_dimension,0.1095585078001022,27.72600902,0.279856,0.6268586666666667,negative_only,negative,Memory,28nm,28.186166427066667,1.9424751210050488,-0.4601574070666672,-1.6325647130517922,-0.2368923039753974,low
8,LOT_0007,W021,thickness_uniformity,0.0287732239812612,1.885693711,0.279856,0.6268586666666667,negative_only,negative,Memory,28nm,1.5954719421999999,0.22792011014958768,0.29022176880000017,18.19033985755395,1.273348662986229,high
8,LOT_0007,W021,focus_offset,0.0132938278838992,0.015868154,0.279856,0.6268586666666667,negative_only,negative,Memory,28nm,0.023850433906666666,0.00480435038410088,-0.007982279906666667,-33.468068561028474,-1.6614687953679987,low
8,LOT_0007,W021,pressure,0.0068467971868813,159.4818041,0.279856,0.6268586666666667,negative_only,negative,Memory,28nm,152.22475798133334,4.799553386703943,7.257046118666665,4.767323144313288,1.512025293282207,high
8,LOT_0007,W021,temperature,0.0061438991688191,66.71215783,0.279856,0.6268586666666667,negative_only,negative,Memory,28nm,66.23030082586666,2.2249833077857004,0.48185700413333166,0.7275476603872889,0.21656657028870402,high
9,LOT_0039,W015,critical_dimension,0.1133577674627304,29.67849569,0.29757655,0.6032312666666667,negative_only,negative,GPU,14nm,27.9812421574,2.090914902921411,1.6972535325999978,6.065683299518854,0.8117276936602631,high
9,LOT_0039,W015,thickness_uniformity,0.0289203952997922,1.854139404,0.29757655,0.6032312666666667,negative_only,negative,GPU,14nm,1.70939978564,0.20764809352328215,0.14473961836000004,8.467277198185483,0.6970428440111276,high
9,LOT_0039,W015,focus_offset,0.0106373373419046,0.025481315,0.29757655,0.6032312666666667,negative_only,negative,GPU,14nm,0.02597352128,0.005566928104691624,-0.0004922062799999974,-1.8950309268566308,-0.08841612148162299,low
9,LOT_0039,W015,deposition_rate,0.0086467405781149,1.75798371,0.29757655,0.6032312666666667,negative_only,negative,GPU,14nm,1.88610763228,0.1141782365475736,-0.1281239222799999,-6.793033441956248,-1.1221396041133993,low
9,LOT_0039,W015,pressure,0.0038669316563755,152.2742974,0.29757655,0.6032312666666667,negative_only,negative,GPU,14nm,152.91436910599998,5.228697181161051,-0.6400717059999863,-0.4185817917164501,-0.12241514161189976,low
10,LOT_0048,W004,critical_dimension,0.112081654369831,27.69882332,0.25738674,0.65681768,negative_only,negative,GPU,28nm,27.8350603091,2.092064241319685,-0.13623698910000215,-0.4894438437791648,-0.06512084397032775,low
10,LOT_0048,W004,thickness_uniformity,0.0767823308706283,2.216039268,0.25738674,0.65681768,negative_only,negative,GPU,28nm,1.7599623091199998,0.22509809203503978,0.45607695888,25.914018513777332,2.026125378187922,high
10,LOT_0048,W004,focus_offset,0.0083088586106896,0.031536986,0.25738674,0.65681768,negative_only,negative,GPU,28nm,0.02897709166,0.007506950560465046,0.002559894340000004,8.834200069814747,0.3410031781051511,high
10,LOT_0048,W004,temperature,0.0060711754485964,67.92139063,0.25738674,0.65681768,negative_only,negative,GPU,28nm,67.06191862120001,2.0941439027151576,0.8594720087999974,1.281609632497869,0.41041688074789606,high
10,LOT_0048,W004,tilt_angle,0.0044668661430478,7.025621756,0.25738674,0.65681768,negative_only,negative,GPU,28nm,6.910120505459999,0.49099921290231,0.11550125054000038,1.6714795412326429,0.23523713942845675,high
11,LOT_0002,W025,critical_dimension,0.1288700848817825,27.95164605,0.31743237,0.5767568399999999,negative_only,negative,FPGA,22nm,27.8400385982,2.015506690567852,0.1116074518000012,0.400888279670734,0.05537438911362896,high
11,LOT_0002,W025,thickness_uniformity,0.0155108515173196,1.744704304,0.31743237,0.5767568399999999,negative_only,negative,FPGA,22nm,1.61887898282,0.21456719707680325,0.12582532118,7.772373502749126,0.5864145233185245,high
11,LOT_0002,W025,focus_offset,0.0134910512715578,0.017559202,0.31743237,0.5767568399999999,negative_only,negative,FPGA,22nm,0.02502497008,0.006588107242724114,-0.007465768080000001,-29.833273557573282,-1.13321879437017,low
11,LOT_0002,W025,tilt_angle,0.0035033992026001,7.239436082,0.31743237,0.5767568399999999,negative_only,negative,FPGA,22nm,7.014356703360001,0.524672945549897,0.22507937863999938,3.2088385026112802,0.42898986906044734,high
11,LOT_0002,W025,exposure_time,0.0027730693109333,1.491348256,0.31743237,0.5767568399999999,negative_only,negative,FPGA,22nm,1.50129876688,0.049133503725293654,-0.009950510879999985,-0.6627935153807665,-0.20251986776912168,low
12,LOT_0012,W022,critical_dimension,0.1130124554038047,28.06875062,0.24369796,0.6750693866666667,negative_only,negative,Memory,28nm,28.186166427066667,1.9424751210050488,-0.1174158070666671,-0.41657246070096676,-0.06044649207422998,low
12,LOT_0012,W022,thickness_uniformity,0.033483974635601,1.83938219,0.24369796,0.6750693866666667,negative_only,negative,Memory,28nm,1.5954719421999999,0.22792011014958768,0.24391024780000015,15.287655094128146,1.070156760497181,high
12,LOT_0012,W022,dose,0.023200212046504,983000000000000.0,0.24369796,0.6750693866666667,negative_only,negative,Memory,28nm,999186666666666.6,10961472249377.53,-16186666666666.625,-1.619984253859802,-1.4766872823662733,low
12,LOT_0012,W022,pressure,0.0127183059230446,152.8807523,0.24369796,0.6750693866666667,negative_only,negative,Memory,28nm,152.22475798133334,4.799553386703943,0.6559943186666715,0.430937994161767,0.13667820017322327,high
12,LOT_0012,W022,temperature,0.0049660964868962,63.70035932,0.24369796,0.6750693866666667,negative_only,negative,Memory,28nm,66.23030082586666,2.2249833077857004,-2.5299415058666668,-3.819915468118156,-1.1370608920421068,low
13,LOT_0024,W001,critical_dimension,0.1443076282739639,30.00248602,0.303075,0.5959,negative_only,negative,FPGA,28nm,28.0842807156,1.9117208083984008,1.9182053044000007,6.830174230761736,1.0033919675769185,high
13,LOT_0024,W001,deposition_rate,0.0099218627437949,2.042498711,0.303075,0.5959,negative_only,negative,FPGA,28nm,1.93473094032,0.10538101442239829,0.10776777067999999,5.5701683566643,1.0226488162790506,high
13,LOT_0024,W001,exposure_time,0.0079622687771916,1.53966976,0.303075,0.5959,negative_only,negative,FPGA,28nm,1.4948037743866667,0.045487276989929264,0.044865985613333326,3.001463225614858,0.9863414034857507,high
13,LOT_0024,W001,focus_offset,0.0008440286037512,0.025196168,0.303075,0.5959,negative_only,negative,FPGA,28nm,0.02471185529333333,0.00484815304232381,0.00048431270666667026,1.9598394427266328,0.09989631155253684,high
13,LOT_0024,W001,pressure,0.0002922828425653,153.5039636,0.303075,0.5959,negative_only,negative,FPGA,28nm,152.85480710266668,4.547887792166171,0.6491564973333084,0.4246883101903679,0.14273801968218203,high
14,LOT_0048,W003,critical_dimension,0.1192753389477729,27.54829702,0.3134534,0.5820621333333333,negative_only,negative,GPU,28nm,27.8350603091,2.092064241319685,-0.2867632891000014,-1.0302233438881712,-0.1370719327347413,low
14,LOT_0048,W003,thickness_uniformity,0.0090927649289369,1.807184737,0.3134534,0.5820621333333333,negative_only,negative,GPU,28nm,1.7599623091199998,0.22509809203503978,0.047222427880000195,2.6831499520453037,0.20978599704373924,high
14,LOT_0048,W003,deposition_rate,0.0087268697097897,1.803726423,0.3134534,0.5820621333333333,negative_only,negative,GPU,28nm,1.88185293184,0.10173855683576595,-0.07812650883999983,-4.151573562238743,-0.7679144515309282,low
14,LOT_0048,W003,focus_offset,0.0049390164203941,0.035999513,0.3134534,0.5820621333333333,negative_only,negative,GPU,28nm,0.02897709166,0.007506950560465046,0.007022421339999998,24.234388944387625,0.9354557949971596,high
14,LOT_0048,W003,temperature,0.0041919439099729,68.5496694,0.3134534,0.5820621333333333,negative_only,negative,GPU,28nm,67.06191862120001,2.0941439027151576,1.4877507787999917,2.218473329373983,0.710433880002524,high
15,LOT_0021,W020,critical_dimension,0.1051789969205856,32.5484803,0.30669835,0.5910688666666667,negative_only,negative,CPU,14nm,28.018333196266667,2.2386743280376447,4.530147103733334,16.168510352983002,2.0235846925000214,high
15,LOT_0021,W020,focus_offset,0.0156188933178782,0.024095171,0.30669835,0.5910688666666667,negative_only,negative,CPU,14nm,0.02460239432,0.005206275211866782,-0.0005072233199999998,-2.0616826670843036,-0.09742535727241561,low
15,LOT_0021,W020,exposure_time,0.0110947107896208,1.554631378,0.30669835,0.5910688666666667,negative_only,negative,CPU,14nm,1.4973807743866667,0.052877713394887206,0.05725060361333334,3.8233831069822295,1.0826981511679892,high
15,LOT_0021,W020,dose,0.0063064298592507,992000000000000.0,0.30669835,0.5910688666666667,negative_only,negative,CPU,14nm,1000386666666666.6,10841478573407.707,-8386666666666.625,-0.8383425075637378,-0.7735722217113157,low
15,LOT_0021,W020,etch_rate,0.0061287186108529,3.67573017,0.30669835,0.5910688666666667,negative_only,negative,CPU,14nm,3.581482403213333,0.07823905353590051,0.0942477667866668,2.6315295218480395,1.2046128029757899,high
16,LOT_0009,W019,critical_dimension,0.1412697732448578,28.25253547,0.31310797,0.5825227066666666,negative_only,negative,ASIC,14nm,27.874665892,2.309121976360678,0.3778695780000021,1.3556021781588214,0.1636421036674322,high
16,LOT_0009,W019,tilt_angle,0.0131341060623526,6.472455316,0.31310797,0.5825227066666666,negative_only,negative,ASIC,14nm,7.026507104146667,0.4836195460403119,-0.5540517881466673,-7.8851665536756395,-1.145635637635806,low
16,LOT_0009,W019,exposure_time,0.0113425906747579,1.530280312,0.31310797,0.5825227066666666,negative_only,negative,ASIC,14nm,1.50156104688,0.04740395949750467,0.028719265119999893,1.912627206236309,0.6058410482708858,high
16,LOT_0009,W019,dose,0.0083615388721227,985000000000000.0,0.31310797,0.5825227066666666,negative_only,negative,ASIC,14nm,998546666666666.6,10067734565396.484,-13546666666666.625,-1.3566383143501848,-1.3455526244431866,low
16,LOT_0009,W019,implant_energy,0.003535178489983,51.20660815,0.31310797,0.5825227066666666,negative_only,negative,ASIC,14nm,50.10507249533333,1.056051778488637,1.1015356546666695,2.1984513738549714,1.0430697396296769,high
17,LOT_0039,W003,critical_dimension,0.1382802724838256,30.63476784,0.17790583,0.7627922266666666,negative_only,negative,GPU,14nm,27.9812421574,2.090914902921411,2.653525682599998,9.483230471251279,1.2690739721752602,high
17,LOT_0039,W003,thickness_uniformity,0.0601866692304611,2.102544814,0.17790583,0.7627922266666666,negative_only,negative,GPU,14nm,1.70939978564,0.20764809352328215,0.39314502835999976,22.99901002870525,1.8933235542689708,high
17,LOT_0039,W003,oxide_thickness,0.0582197420299053,66.62034817,0.17790583,0.7627922266666666,negative_only,negative,GPU,14nm,60.8684807758,3.0489144121797813,5.751867394199998,9.449664786758273,1.8865296347237395,high
17,LOT_0039,W003,pressure,0.0141897741705179,159.5767139,0.17790583,0.7627922266666666,negative_only,negative,GPU,14nm,152.91436910599998,5.228697181161051,6.662344794000006,4.3569121939993165,1.2741883038723654,high
17,LOT_0039,W003,etch_rate,0.0080218911170959,3.654470553,0.17790583,0.7627922266666666,negative_only,negative,GPU,14nm,3.5928239501,0.1175341616951085,0.06164660289999979,1.7158258723232376,0.5244994432802931,high
18,LOT_0002,W007,critical_dimension,0.1018688082695007,25.31710968,0.31948245,0.5740234000000001,negative_only,negative,FPGA,22nm,27.8400385982,2.015506690567852,-2.522928918199998,-9.062232112970188,-1.251759137667474,low
18,LOT_0002,W007,oxide_thickness,0.0602702684700489,65.66048434,0.31948245,0.5740234000000001,negative_only,negative,FPGA,22nm,60.1045676658,3.4441643794665366,5.555916674199999,9.243751165469117,1.6131392292743618,high
18,LOT_0002,W007,deposition_rate,0.0098579004406929,2.039027462,0.31948245,0.5740234000000001,negative_only,negative,FPGA,22nm,1.9456333481199999,0.10818490559238036,0.09339411388000007,4.800190843883394,0.8632822897549922,high
18,LOT_0002,W007,implant_energy,0.001004411955364,50.44211667,0.31948245,0.5740234000000001,negative_only,negative,FPGA,22nm,49.916123906399996,0.8242171717820177,0.5259927636000015,1.053753221255274,0.6381725362802065,high
18,LOT_0002,W007,temperature,0.0007027687388472,70.88714317,0.31948245,0.5740234000000001,negative_only,negative,FPGA,22nm,66.98132022120001,2.4779429089655696,3.905822948799994,5.831212248195526,1.5762360517233482,high
19,LOT_0036,W016,critical_dimension,0.0915195196866989,25.82413308,0.3071085,0.590522,negative_only,negative,Memory,22nm,28.4812106708,2.1389501389082084,-2.6570775908,-9.329229790891027,-1.242234468781973,low
19,LOT_0036,W016,thickness_uniformity,0.0428848713636398,1.949137807,0.3071085,0.590522,negative_only,negative,Memory,22nm,1.76991716704,0.17138325535082072,0.17922063996000004,10.125933755333213,1.0457301592702628,high
19,LOT_0036,W016,temperature,0.0097316373139619,67.40769532,0.3071085,0.590522,negative_only,negative,Memory,22nm,67.306416566,2.5781041916230043,0.10127875400000619,0.15047414372326376,0.0392841973919462,high
19,LOT_0036,W016,etch_rate,0.004596228711307,3.707961759,0.3071085,0.590522,negative_only,negative,Memory,22nm,3.6527234742399997,0.07850385521683388,0.055238284760000145,1.5122492883579355,0.7036378519728714,high
19,LOT_0036,W016,deposition_rate,0.0015973063418641,1.83481262,0.3071085,0.590522,negative_only,negative,Memory,22nm,1.88910393996,0.09469024443360423,-0.05429131996000014,-2.8739191519769163,-0.5733570518419304,low
20,LOT_0023,W005,critical_dimension,0.1415867656469345,26.93291275,0.3036518,0.5951309333333333,negative_only,negative,FPGA,28nm,28.0842807156,1.9117208083984008,-1.1513679655999987,-4.099688281920108,-0.6022678415904896,low
20,LOT_0023,W005,deposition_rate,0.0110765313729643,1.788945395,0.3036518,0.5951309333333333,negative_only,negative,FPGA,28nm,1.93473094032,0.10538101442239829,-0.14578554531999988,-7.535184464488662,-1.38341374616337,low
20,LOT_0023,W005,tilt_angle,0.0100226635113358,6.536743373,0.3036518,0.5951309333333333,negative_only,negative,FPGA,28nm,6.966993284186667,0.4439968695298099,-0.43024991118666644,-6.175546517340138,-0.9690381616277169,low
20,LOT_0023,W005,exposure_time,0.0075346184894442,1.526229234,0.3036518,0.5951309333333333,negative_only,negative,FPGA,28nm,1.4948037743866667,0.045487276989929264,0.03142545961333343,2.1023133692048965,0.6908626104268302,high
20,LOT_0023,W005,etch_rate,0.0054110824130475,3.686629187,0.3036518,0.5951309333333333,negative_only,negative,FPGA,28nm,3.62349580528,0.09124498025303268,0.06313338171999971,1.7423335114830591,0.6919107314507927,high
21,LOT_0004,W012,critical_dimension,0.0970270335674285,28.35916356,0.31837067,0.5755057733333333,negative_only,negative,GPU,14nm,27.9812421574,2.090914902921411,0.3779214025999984,1.3506241090392264,0.18074451614038659,high
21,LOT_0004,W012,thickness_uniformity,0.0368613414466381,1.9277858,0.31837067,0.5755057733333333,negative_only,negative,GPU,14nm,1.70939978564,0.20764809352328215,0.21838601436000005,12.775596210249917,1.0517121038908157,high
21,LOT_0004,W012,oxide_thickness,0.004780531860888,61.0518903,0.31837067,0.5755057733333333,negative_only,negative,GPU,14nm,60.8684807758,3.0489144121797813,0.18340952419999468,0.3013210151778606,0.060155681447519795,high
21,LOT_0004,W012,temperature,0.0044660619460046,66.4733876,0.31837067,0.5755057733333333,negative_only,negative,GPU,14nm,66.480053645,2.494425647164823,-0.006666045000002896,-0.010027135410417921,-0.0026723767072019886,low
21,LOT_0004,W012,deposition_rate,0.0036711648572236,1.992637958,0.31837067,0.5755057733333333,negative_only,negative,GPU,14nm,1.88610763228,0.1141782365475736,0.1065303257200001,5.648157286482137,0.9330177799916826,high
22,LOT_0024,W004,critical_dimension,0.1143955960869789,27.49078403,0.27457544,0.6338994133333333,negative_only,negative,FPGA,28nm,28.0842807156,1.9117208083984008,-0.5934966855999981,-2.113270023145707,-0.3104515485118172,low
22,LOT_0024,W004,thickness_uniformity,0.033337477594614,1.890746957,0.27457544,0.6338994133333333,negative_only,negative,FPGA,28nm,1.6225160926933333,0.19295962646780565,0.26823086430666665,16.53178451352632,1.3900880087023366,high
22,LOT_0024,W004,dose,0.013890859670937,982000000000000.0,0.27457544,0.6338994133333333,negative_only,negative,FPGA,28nm,997573333333333.4,9629870944847.316,-15573333333333.375,-1.5611216552166634,-1.6171902429976224,low
22,LOT_0024,W004,pressure,0.0103083718568086,152.4874447,0.27457544,0.6338994133333333,negative_only,negative,FPGA,28nm,152.85480710266668,4.547887792166171,-0.36736240266668574,-0.2403342162589229,-0.08077648776179096,low
22,LOT_0024,W004,deposition_rate,0.0099467160180211,1.80103239,0.27457544,0.6338994133333333,negative_only,negative,FPGA,28nm,1.93473094032,0.10538101442239829,-0.1336985503199999,-6.910446691299721,-1.2687157149140813,low
23,LOT_0017,W024,critical_dimension,0.1110773012042045,24.50012969,0.27402875,0.6346283333333333,negative_only,negative,Memory,10nm,22.2499686074,1.3497497808841574,2.250161082600002,10.113097785452613,1.6670949777513075,high
23,LOT_0017,W024,thickness_uniformity,0.0459044314920902,2.060021538,0.27402875,0.6346283333333333,negative_only,negative,Memory,10nm,1.7771494620100001,0.26047329247041107,0.28287207598999986,15.917179836460841,1.0859926260429966,high
23,LOT_0017,W024,etch_rate,0.0173850320279598,3.729958799,0.27402875,0.6346283333333333,negative_only,negative,Memory,10nm,3.63468209191,0.0907354779089163,0.09527670709000002,2.6213216081772797,1.050049090341413,high
23,LOT_0017,W024,temperature,0.0070415032096207,67.02278171,0.27402875,0.6346283333333333,negative_only,negative,Memory,10nm,67.2741237556,2.1419263229951038,-0.25134204559999773,-0.3736087986955602,-0.11734392671882223,low
23,LOT_0017,W024,tilt_angle,0.004435263108462,6.94179755,0.27402875,0.6346283333333333,negative_only,negative,Memory,10nm,6.97739943885,0.48106656904247486,-0.0356018888499996,-0.5102458180431327,-0.07400615853821685,low
24,LOT_0012,W016,critical_dimension,0.1356431990861892,28.59759556,0.29841268,0.6021164266666666,negative_only,negative,Memory,28nm,28.186166427066667,1.9424751210050488,0.41142913293333194,1.4596846079914123,0.2118066420890113,high
24,LOT_0012,W016,focus_offset,0.0230790860950946,0.023872529,0.29841268,0.6021164266666666,negative_only,negative,Memory,28nm,0.023850433906666666,0.00480435038410088,2.209509333333387e-05,0.0926402114669945,0.004598975296947165,high
24,LOT_0012,W016,exposure_time,0.0168775804340839,1.530639537,0.29841268,0.6021164266666666,negative_only,negative,Memory,28nm,1.50100760856,0.05453117360579101,0.029631928440000177,1.9741357906031118,0.5433942814217938,high
24,LOT_0012,W016,dose,0.0119969844818115,979000000000000.0,0.29841268,0.6021164266666666,negative_only,negative,Memory,28nm,999186666666666.6,10961472249377.53,-20186666666666.625,-2.0203098520129665,-1.8416017673002791,low
24,LOT_0012,W016,implant_energy,0.0068464470095932,49.65679407,0.29841268,0.6021164266666666,negative_only,negative,Memory,28nm,49.71600496133333,0.9368799398300355,-0.059210891333336235,-0.11909824890032211,-0.0632000844002252,low
25,LOT_0005,W014,critical_dimension,0.1492490917444229,30.75741949,0.31679818,0.5776024266666667,negative_only,negative,Memory,14nm,27.680270466400003,1.861607782786032,3.077149023599997,11.116759235514191,1.6529523836336064,high
25,LOT_0005,W014,deposition_rate,0.0113152880221605,2.048773165,0.31679818,0.5776024266666667,negative_only,negative,Memory,14nm,1.9812543031999998,0.10643361838777819,0.06751886180000022,3.407884674716873,0.6343753241539527,high
25,LOT_0005,W014,thickness_uniformity,0.0064241969957947,1.758391771,0.31679818,0.5776024266666667,negative_only,negative,Memory,14nm,1.51126053188,0.20115008258037173,0.24713123912,16.352656192843433,1.2285912822962164,high
25,LOT_0005,W014,pressure,0.0062709916383028,143.7794276,0.31679818,0.5776024266666667,negative_only,negative,Memory,14nm,150.353459596,4.435812812583864,-6.574031996000002,-4.372384921252038,-1.4820354853271163,low
25,LOT_0005,W014,temperature,0.0042563923634588,62.09347907,0.31679818,0.5776024266666667,negative_only,negative,Memory,14nm,65.5153583688,2.081838779628077,-3.4218792987999933,-5.2230185164908525,-1.6436812161639311,low
26,LOT_0009,W021,critical_dimension,0.1240638121962547,28.38379547,0.2300727,0.6932364,negative_only,negative,ASIC,14nm,27.874665892,2.309121976360678,0.5091295779999996,1.8264957146189662,0.22048622073310034,high
26,LOT_0009,W021,oxide_thickness,0.0611309297382831,65.84502793,0.2300727,0.6932364,negative_only,negative,ASIC,14nm,60.52023466133333,3.2839797185108295,5.324793268666667,8.798368509930315,1.6214452351915956,high
26,LOT_0009,W021,implant_energy,0.0151897650212049,47.93659685,0.2300727,0.6932364,negative_only,negative,ASIC,14nm,50.10507249533333,1.056051778488637,-2.1684756453333307,-4.327856516906585,-2.053380040118254,low
26,LOT_0009,W021,deposition_rate,0.0133335776627063,1.793891658,0.2300727,0.6932364,negative_only,negative,ASIC,14nm,1.8632890047333335,0.1252580795453711,-0.06939734673333353,-3.7244542590976573,-0.5540348888565026,low
26,LOT_0009,W021,thickness_uniformity,0.0125075560063123,1.680650413,0.2300727,0.6932364,negative_only,negative,ASIC,14nm,1.7539788271866668,0.24342283187801647,-0.0733284141866668,-4.180689812685859,-0.30123884978124865,low
27,LOT_0029,W022,critical_dimension,0.1205682083964347,24.49607293,0.22114152,0.70514464,negative_only,negative,ASIC,14nm,27.874665892,2.309121976360678,-3.378592961999999,-12.1206581451742,-1.4631504940513036,low
27,LOT_0029,W022,oxide_thickness,0.0932517945766449,65.40554408,0.22114152,0.70514464,negative_only,negative,ASIC,14nm,60.52023466133333,3.2839797185108295,4.885309418666665,8.072191798203967,1.4876186322473284,high
27,LOT_0029,W022,tilt_angle,0.0182058997452259,6.171033503,0.22114152,0.70514464,negative_only,negative,ASIC,14nm,7.026507104146667,0.4836195460403119,-0.8554736011466666,-12.17494821175179,-1.7688978999754097,low
27,LOT_0029,W022,pressure,0.0100213661789894,155.6592701,0.22114152,0.70514464,negative_only,negative,ASIC,14nm,152.72090742133332,5.315300813928948,2.938362678666664,1.9240081323907647,0.5528121137403476,high
27,LOT_0029,W022,dose,0.0073834401555359,992000000000000.0,0.22114152,0.70514464,negative_only,negative,ASIC,14nm,998546666666666.6,10067734565396.484,-6546666666666.625,-0.6556195003404908,-0.6502621442929158,low
28,LOT_0028,W021,critical_dimension,0.1142476648092269,27.97819774,0.16989021,0.77347972,negative_only,negative,FPGA,22nm,27.8400385982,2.015506690567852,0.13815914179999922,0.4962605971529411,0.06854809382573965,high
28,LOT_0028,W021,oxide_thickness,0.0613930597901344,65.35676011,0.16989021,0.77347972,negative_only,negative,FPGA,22nm,60.1045676658,3.4441643794665366,5.2521924441999985,8.738424795460523,1.5249540567772062,high
28,LOT_0028,W021,thickness_uniformity,0.0547016933560371,1.976369607,0.16989021,0.77347972,negative_only,negative,FPGA,22nm,1.61887898282,0.21456719707680325,0.35749062418,22.08260331704625,1.6661010041806952,high
28,LOT_0028,W021,dose,0.0174398403614759,1030000000000000.0,0.16989021,0.77347972,negative_only,negative,FPGA,22nm,1002420000000000.0,10224200981704.416,27580000000000.0,2.751341752957842,2.697521307469672,high
28,LOT_0028,W021,tilt_angle,0.0090092662721872,8.040346255,0.16989021,0.77347972,negative_only,negative,FPGA,22nm,7.014356703360001,0.524672945549897,1.0259895516399986,14.626994247416325,1.95548399891136,high
29,LOT_0022,W011,critical_dimension,0.12678062915802,29.34478594,0.19357917,0.7418944399999999,negative_only,negative,Memory,28nm,28.186166427066667,1.9424751210050488,1.1586195129333348,4.110596295137275,0.5964655607724809,high
29,LOT_0022,W011,oxide_thickness,0.0695732086896896,65.52994814,0.19357917,0.7418944399999999,negative_only,negative,Memory,28nm,59.63777532226667,2.7387480658943226,5.892172817733332,9.8799339609749,2.151411036654759,high
29,LOT_0022,W011,thickness_uniformity,0.0379642136394977,1.888358824,0.19357917,0.7418944399999999,negative_only,negative,Memory,28nm,1.5954719421999999,0.22792011014958768,0.2928868818000001,18.35738215568767,1.2850418522645142,high
29,LOT_0022,W011,pressure,0.0085056014358997,152.7859886,0.19357917,0.7418944399999999,negative_only,negative,Memory,28nm,152.22475798133334,4.799553386703943,0.5612306186666558,0.3686855056335779,0.11693392558242648,high
29,LOT_0022,W011,exposure_time,0.0078121572732925,1.531597112,0.19357917,0.7418944399999999,negative_only,negative,Memory,28nm,1.50100760856,0.05453117360579101,0.03058950344000011,2.0379312699798375,0.5609544203133966,high
30,LOT_0023,W017,critical_dimension,0.1185064241290092,28.68490176,0.3021844,0.5970874666666667,negative_only,negative,FPGA,28nm,28.0842807156,1.9117208083984008,0.6006210444000004,2.138637804047396,0.3141782217608489,high
30,LOT_0023,W017,thickness_uniformity,0.0334037318825721,1.889220685,0.3021844,0.5970874666666667,negative_only,negative,FPGA,28nm,1.6225160926933333,0.19295962646780565,0.26670459230666665,16.43771629405333,1.3821782090202521,high
30,LOT_0023,W017,temperature,0.0058827078901231,66.62411207,0.3021844,0.5970874666666667,negative_only,negative,FPGA,28nm,66.4172167852,2.161528509507529,0.20689528479999808,0.31150851362230864,0.0957171204516839,high
30,LOT_0023,W017,implant_energy,0.0050712181255221,51.18516303,0.3021844,0.5970874666666667,negative_only,negative,FPGA,28nm,50.007664765466664,1.0391729661694338,1.1774982645333338,2.3546355744308256,1.1331109466219846,high
30,LOT_0023,W017,deposition_rate,0.0042075063101947,1.807471863,0.3021844,0.5970874666666667,negative_only,negative,FPGA,28nm,1.93473094032,0.10538101442239829,-0.12725907731999997,-6.57761110871445,-1.2076091391785126,low
31,LOT_0023,W003,critical_dimension,0.1296009123325348,26.93231071,0.30355066,0.5952657866666666,negative_only,negative,FPGA,28nm,28.0842807156,1.9117208083984008,-1.151970005599999,-4.101831972214603,-0.6025827620522226,low
31,LOT_0023,W003,focus_offset,0.0182918235659599,0.023976464,0.30355066,0.5952657866666666,negative_only,negative,FPGA,28nm,0.02471185529333333,0.00484815304232381,-0.0007353912933333318,-2.975864235386165,-0.15168480351767968,low
31,LOT_0023,W003,exposure_time,0.0139453494921326,1.534638788,0.30355066,0.5952657866666666,negative_only,negative,FPGA,28nm,1.4948037743866667,0.045487276989929264,0.039835013613333414,2.664899184043681,0.8757396655423689,high
31,LOT_0023,W003,etch_rate,0.0128274047747254,3.657430005,0.30355066,0.5952657866666666,negative_only,negative,FPGA,28nm,3.62349580528,0.09124498025303268,0.03393419972,0.936504456861452,0.37190209537000857,high
31,LOT_0023,W003,tilt_angle,0.0035210947971791,7.497434347,0.30355066,0.5952657866666666,negative_only,negative,FPGA,28nm,6.966993284186667,0.4439968695298099,0.5304410628133338,7.613629597450109,1.1946954990479377,high
32,LOT_0025,W022,critical_dimension,0.1030073463916778,27.17726902,0.3200236,0.5733018666666666,negative_only,negative,CPU,14nm,28.018333196266667,2.2386743280376447,-0.8410641762666664,-3.0018351568062465,-0.37569742296023056,low
32,LOT_0025,W022,deposition_rate,0.0179280266165733,2.052174648,0.3200236,0.5733018666666666,negative_only,negative,CPU,14nm,1.9205069672266666,0.10244860138943615,0.13166768077333324,6.855881439207215,1.2852071936796863,high
32,LOT_0025,W022,pressure,0.0174192935228347,144.4582052,0.3200236,0.5733018666666666,negative_only,negative,CPU,14nm,151.15769226933332,4.703040118538512,-6.6994870693333155,-4.432117855670768,-1.4245013648726232,low
32,LOT_0025,W022,etch_rate,0.0109003270044922,3.619493269,0.3200236,0.5733018666666666,negative_only,negative,CPU,14nm,3.581482403213333,0.07823905353590051,0.03801086578666668,1.0613165582483353,0.4858298200577711,high
32,LOT_0025,W022,temperature,0.0081116631627082,63.9238513,0.3200236,0.5733018666666666,negative_only,negative,CPU,14nm,66.43858877080001,2.2051751591373114,-2.514737470800007,-3.7850555186196138,-1.1403799191368635,low
33,LOT_0019,W004,critical_dimension,0.1113053038716316,28.26394,0.30946365,0.5873818000000001,negative_only,negative,ASIC,22nm,28.12427186,1.5183984342605819,0.13966814000000127,0.49661068805724157,0.09198385401130366,high
33,LOT_0019,W004,exposure_time,0.0145764658227562,1.543936714,0.30946365,0.5873818000000001,negative_only,negative,ASIC,22nm,1.49909341148,0.0491589112470976,0.044843302519999906,2.991361455308788,0.9122110410945374,high
33,LOT_0019,W004,pressure,0.008286683820188,146.2568774,0.30946365,0.5873818000000001,negative_only,negative,ASIC,22nm,150.606210704,5.172136053901967,-4.349333303999998,-2.887884426306467,-0.8409162593234286,low
33,LOT_0019,W004,temperature,0.0074545312672853,63.71575581,0.30946365,0.5873818000000001,negative_only,negative,ASIC,22nm,66.1806520924,1.9284667488211853,-2.464896282399998,-3.7244968195860597,-1.2781637446580567,low
33,LOT_0019,W004,thickness_uniformity,0.0051568034105002,1.701906386,0.30946365,0.5873818000000001,negative_only,negative,ASIC,22nm,1.57858558036,0.1884144083604334,0.12332080564000014,7.812107692872468,0.654518972612597,high
34,LOT_0021,W007,critical_dimension,0.1384455263614654,27.53098493,0.31860298,0.5751960266666667,negative_only,negative,CPU,14nm,28.018333196266667,2.2386743280376447,-0.48734826626666816,-1.7393906441023104,-0.21769502600057425,low
34,LOT_0021,W007,oxide_thickness,0.0116136651486158,64.7674419,0.31860298,0.5751960266666667,negative_only,negative,CPU,14nm,60.197336953333334,3.0156675451269646,4.57010494666666,7.591872295170823,1.515453834603243,high
34,LOT_0021,W007,exposure_time,0.0028268883470445,1.534852549,0.31860298,0.5751960266666667,negative_only,negative,CPU,14nm,1.4973807743866667,0.052877713394887206,0.037471774613333286,2.502488026377726,0.7086496654052896,high
34,LOT_0021,W007,temperature,0.0021770487073808,66.70825537,0.31860298,0.5751960266666667,negative_only,negative,CPU,14nm,66.43858877080001,2.2051751591373114,0.2696665991999936,0.405888511759681,0.12228806313200173,high
34,LOT_0021,W007,dose,0.0018852272769436,992000000000000.0,0.31860298,0.5751960266666667,negative_only,negative,CPU,14nm,1000386666666666.6,10841478573407.707,-8386666666666.625,-0.8383425075637378,-0.7735722217113157,low
35,LOT_0012,W003,critical_dimension,0.1110134273767471,30.67605433,0.2950517,0.6065977333333333,negative_only,negative,Memory,28nm,28.186166427066667,1.9424751210050488,2.489887902933333,8.833723128995654,1.2818119906540875,high
35,LOT_0012,W003,thickness_uniformity,0.0401802733540535,1.999847939,0.2950517,0.6065977333333333,negative_only,negative,Memory,28nm,1.5954719421999999,0.22792011014958768,0.4043759968,25.345227694129974,1.7742005949382917,high
35,LOT_0012,W003,temperature,0.0095414072275161,63.94752359,0.2950517,0.6065977333333333,negative_only,negative,Memory,28nm,66.23030082586666,2.2249833077857004,-2.2827772358666607,-3.446726358429343,-1.0259749935438849,low
35,LOT_0012,W003,tilt_angle,0.006484929472208,6.758863895,0.2950517,0.6065977333333333,negative_only,negative,Memory,28nm,7.019427293453333,0.5268368610710149,-0.2605633984533329,-3.7120321576551825,-0.49458080330417403,low
35,LOT_0012,W003,deposition_rate,0.0015578786842525,1.936208875,0.2950517,0.6065977333333333,negative_only,negative,Memory,28nm,1.94112411228,0.10875379743580686,-0.004915237280000095,-0.25321602294119205,-0.045196005571257074,low
36,LOT_0013,W009,critical_dimension,0.1204824596643447,30.19444038,0.26617506,0.6450999199999999,negative_only,negative,CPU,14nm,28.018333196266667,2.2386743280376447,2.1761071837333326,7.766726051875287,0.9720516984124223,high
36,LOT_0013,W009,thickness_uniformity,0.0619548559188842,2.097593541,0.26617506,0.6450999199999999,negative_only,negative,CPU,14nm,1.6476204932666667,0.20275007048668925,0.44997304773333346,27.310478917877884,2.219348404830894,high
36,LOT_0013,W009,exposure_time,0.0087196202948689,1.529904958,0.26617506,0.6450999199999999,negative_only,negative,CPU,14nm,1.4973807743866667,0.052877713394887206,0.0325241836133332,2.1720716699421043,0.615083007757196,high
36,LOT_0013,W009,tilt_angle,0.0085531454533338,6.582155497,0.26617506,0.6450999199999999,negative_only,negative,CPU,14nm,7.052458088240001,0.5257535018774653,-0.4703025912400012,-6.66863362091504,-0.894530590221502,low
36,LOT_0013,W009,deposition_rate,0.005694699473679,1.903471914,0.26617506,0.6450999199999999,negative_only,negative,CPU,14nm,1.9205069672266666,0.10244860138943615,-0.01703505322666654,-0.8870081446461062,-0.16627902020479968,low
37,LOT_0011,W010,critical_dimension,0.1103516891598701,28.06499973,0.300223,0.5997026666666666,negative_only,negative,GPU,28nm,27.8350603091,2.092064241319685,0.2299394208999992,0.8260784001842643,0.10991030593068304,high
37,LOT_0011,W010,pressure,0.0103267887607216,153.0655588,0.300223,0.5997026666666666,negative_only,negative,GPU,28nm,152.445671885,5.351209286297785,0.619886914999995,0.4066280841764738,0.11584052906908843,high
37,LOT_0011,W010,deposition_rate,0.009089121595025,1.902813259,0.300223,0.5997026666666666,negative_only,negative,GPU,28nm,1.88185293184,0.10173855683576595,0.02096032716000007,1.1138132419501972,0.20602146920379794,high
37,LOT_0011,W010,tilt_angle,0.0068064075894653,7.530597138,0.300223,0.5997026666666666,negative_only,negative,GPU,28nm,6.910120505459999,0.49099921290231,0.6204766325400008,8.979244746310021,1.2637018858108637,high
37,LOT_0011,W010,implant_energy,0.0049617127515375,51.19074612,0.300223,0.5997026666666666,negative_only,negative,GPU,28nm,50.007293658,1.1278248302191043,1.1834524619999982,2.3665597064099626,1.049322934946169,high
38,LOT_0018,W001,critical_dimension,0.1223682090640068,24.64251264,0.31061664,0.58584448,negative_only,negative,CPU,10nm,21.844182086533333,1.4232836603884775,2.7983305534666663,12.810415799746048,1.9661088153971837,high
38,LOT_0018,W001,thickness_uniformity,0.0169862657785415,1.77758625,0.31061664,0.58584448,negative_only,negative,CPU,10nm,1.61248914494,0.21302280240982693,0.16509710505999986,10.238649077154347,0.7750208072436989,high
38,LOT_0018,W001,deposition_rate,0.0063163270242512,2.020772573,0.31061664,0.58584448,negative_only,negative,CPU,10nm,1.9495969534133333,0.10727390820020427,0.07117561958666663,3.6507863548691564,0.6634942281615956,high
38,LOT_0018,W001,temperature,0.0024488936178386,68.11291049,0.31061664,0.58584448,negative_only,negative,CPU,10nm,66.55598000713333,2.303794331040466,1.556930482866676,2.3392796299842846,0.6758114043486276,high
38,LOT_0018,W001,focus_offset,0.0023367404937744,0.026121273,0.31061664,0.58584448,negative_only,negative,CPU,10nm,0.024673506560000003,0.005786638223387608,0.0014477664399999979,5.867696096630688,0.2501912395278806,high
39,LOT_0043,W021,critical_dimension,0.1184728518128395,29.59713625,0.27095687,0.6387241733333333,negative_only,negative,ASIC,14nm,27.874665892,2.309121976360678,1.722470357999999,6.179339923254659,0.7459416933741972,high
39,LOT_0043,W021,thickness_uniformity,0.0642012059688568,2.114176458,0.27095687,0.6387241733333333,negative_only,negative,ASIC,14nm,1.7539788271866668,0.24342283187801647,0.36019763081333345,20.536030710571353,1.4797199858151142,high
39,LOT_0043,W021,dose,0.0200183019042015,975000000000000.0,0.27095687,0.6387241733333333,negative_only,negative,ASIC,14nm,998546666666666.6,10067734565396.484,-23546666666666.625,-2.358093762935462,-2.3388247389435737,low
39,LOT_0043,W021,exposure_time,0.0085747493430972,1.543729382,0.27095687,0.6387241733333333,negative_only,negative,ASIC,14nm,1.50156104688,0.04740395949750467,0.042168335119999956,2.8082997477549054,0.8895529967843021,high
39,LOT_0043,W021,pressure,0.0076905661262571,158.5296715,0.27095687,0.6387241733333333,negative_only,negative,ASIC,14nm,152.72090742133332,5.315300813928948,5.808764078666684,3.8035159538459062,1.0928382571221102,high
